Hero,Skill Tier,KDA Ratio,"Pick Rate, %","Win Rate, %",Eliminations / 10min,Objective Kills / 10min,Objective Time / 10min,Damage / 10min,Healing / 10min,Deaths / 10min,"Scoped Accuracy, %",Biotic Grenade Kills / 10min,Enemies Slept / 10min,Healing Amplified / 10min,Nano Boost Assists / 10min,Blaster Kills / 10min,Damage Amplified / 10min,Players Resurrected / 10min,"Weapon Accuracy, %","Crit Accuracy, %",Kunai Kills / 10min,Effects Cleansed / 10min,Kitsune Rush Assists / 10min,Final Blows / 10min,Solo Kills / 10min,Swift Strike Resets / 10min,Damage Reflected / 10min,Ultimates Reflected / 10min,Dragonblade Kills / 10min,Deadeye Kills / 10min,Magnetic Grenade Attaches,Magnetic Grenade Kills / 10min,"Secondary Accuracy, %",Biotic Orb Kills / 10min,"Ally Coalescence Efficiency, %","Enemy Coalescence Efficiency, %",Coalescence Kills / 10min,Objective Contest Time / 10min,Charge Kills / 10min,Fire Strike Kills / 10min,Earthshatter Kills / 10min,Scoped Crits,Recon Assists / 10min,Venom Mine Kills / 10min,Knockbacks / 10min,Sound Barriers / 10min,"Helix Rocket Accuracy, %",Long Range Kills / 10min,Helix Rocket Kills / 10min,Tactical Visor Kills / 10min,Storm Arrow Kills / 10min,Dragonstrike Kills / 10min,"Charged Volley Accuracy, %",Charged Volley Kills / 10min,Transcendence Healing / 10min,"Micro Missile Kills, % / 10min",Call Mech Kills / 10min,Self-Destruct Kills / 10min,Self Healing / 10min,Chain Hook Kills / 10min,"Chain Hook Accuracy, %",Whole Hog Kills / 10min,Direct Hits,Concussion Mine Kills / 10min,Enemies Trapped / 10min,Rip Tire Kills,Low Health Recalls / 10min,Pulse Bombs Stuck / 10min,Pulse Bomb Kills / 10min,Coach Gun Kills / 10min,Dynamite Kills / 10min,Bob Kills / 10min,Energy Javelin Kills / 10min,Javelin Spin Kills / 10min,Terra Surge Kills / 10min,"Primary Accuracy, %",High Energy Kills / 10min,"Average Energy, %",Graviton Surge Kills / 10min,Death Blossom Kills / 10min,"Charged Shot Accuracy, %","Charged Crit Accuracy, %",Charged Shot Kills / 10min,Disruptor Shot Kills / 10min,Overclock Kills / 10min,"Airtime, %",Barrage Kills / 10min,Healing Accuracy,Deaths Prevented / 10min,Amp Matrix Assists / 10min,Jump Pack Kills / 10min,Primal Rage Kills / 10min,Accretion Kills / 10min,Overhealth / 10min,Gravitic Flux Kills / 10min,Rocket Punch Kills / 10min,Seismic Slam Kills / 10min,Meteor Strike Kills / 10min,Inspire Uptime,Recon Kills / 10min,Assault Kills / 10min,Tactical Grenade Kills / 10min,Artillery Kills / 10min,"Icicle Accuracy, % / 10min","Icicle Crit Accuracy, % / 10min",Enemies Frozen / 10min,Blizzard Kills / 10min,Hammer Kills / 10min,Turret Kills / 10min,Molten Core Kills / 10min,Average Damage Multiplier,Players Teleported / 10min,Sentry Turret Kills / 10min,Enemies Hacked / 10min,Low Health Teleports / 10min,EMP Kills / 10min,"Pummel Accuracy, %",Pummel Kills / 10min,Ravenous Vortex Kills / 10min,Annihilation Kills / 10min,Grappling Claw Kills / 10min,Piledriver Kills / 10min,Minefield Kills,"Jagged Blade Accuracy, %",Carnage Kills / 10min,"Wound Uptime, %",Rampage Kills / 10min,"Focusing Beam Accuracy, %",Focusing Beam Kills / 10min,"Sticky Bomb Accuracy, %",Sticky Bomb Kills / 10min,Duplicate Kills / 10min,Role
Ana,All,4.94,7.94,48.48,9.78,3.93,52,2605,7253,6.34,55,4.30,5.33,309.51,2.75,,,,,,,,,,,,,,,,,,,,,,,,,,,,,,,,,,,,,,,,,,,,,,,,,,,,,,,,,,,,,,,,,,,,,,,,,,,,,,,,,,,,,,,,,,,,,,,,,,,,,,,,,,,,,,,,,,,,,,Support
Ana,Bronze,4.39,6.07,47.70,9.21,3.79,53,2473,6861,6.56,54,3.96,5.06,291.14,2.57,,,,,,,,,,,,,,,,,,,,,,,,,,,,,,,,,,,,,,,,,,,,,,,,,,,,,,,,,,,,,,,,,,,,,,,,,,,,,,,,,,,,,,,,,,,,,,,,,,,,,,,,,,,,,,,,,,,,,,Support
Ana,Silver,4.50,5.95,47.92,9.35,3.86,54,2511,6909,6.54,54,4.04,5.13,294.78,2.59,,,,,,,,,,,,,,,,,,,,,,,,,,,,,,,,,,,,,,,,,,,,,,,,,,,,,,,,,,,,,,,,,,,,,,,,,,,,,,,,,,,,,,,,,,,,,,,,,,,,,,,,,,,,,,,,,,,,,,Support
Ana,Gold,4.74,6.71,48.15,9.61,3.92,53,2544,7150,6.43,55,4.21,5.28,302.84,2.71,,,,,,,,,,,,,,,,,,,,,,,,,,,,,,,,,,,,,,,,,,,,,,,,,,,,,,,,,,,,,,,,,,,,,,,,,,,,,,,,,,,,,,,,,,,,,,,,,,,,,,,,,,,,,,,,,,,,,,Support
Ana,Platinum,4.92,8.15,48.45,9.76,3.91,52,2573,7303,6.34,56,4.29,5.37,307.67,2.79,,,,,,,,,,,,,,,,,,,,,,,,,,,,,,,,,,,,,,,,,,,,,,,,,,,,,,,,,,,,,,,,,,,,,,,,,,,,,,,,,,,,,,,,,,,,,,,,,,,,,,,,,,,,,,,,,,,,,,Support
Ana,Diamond,4.85,8.79,48.25,9.71,3.87,52,2563,7287,6.34,56,4.26,5.34,307.14,2.78,,,,,,,,,,,,,,,,,,,,,,,,,,,,,,,,,,,,,,,,,,,,,,,,,,,,,,,,,,,,,,,,,,,,,,,,,,,,,,,,,,,,,,,,,,,,,,,,,,,,,,,,,,,,,,,,,,,,,,Support
Ana,Master,4.75,8.20,48.16,9.66,3.85,52,2550,7216,6.38,55,4.21,5.31,303.15,2.76,,,,,,,,,,,,,,,,,,,,,,,,,,,,,,,,,,,,,,,,,,,,,,,,,,,,,,,,,,,,,,,,,,,,,,,,,,,,,,,,,,,,,,,,,,,,,,,,,,,,,,,,,,,,,,,,,,,,,,Support
Ana,Grandmaster,4.66,7.79,48.07,9.59,3.84,52,2538,7140,6.43,55,4.17,5.27,299.38,2.74,,,,,,,,,,,,,,,,,,,,,,,,,,,,,,,,,,,,,,,,,,,,,,,,,,,,,,,,,,,,,,,,,,,,,,,,,,,,,,,,,,,,,,,,,,,,,,,,,,,,,,,,,,,,,,,,,,,,,,Support
Mercy,All,4.36,7.34,49.14,2.34,0.80,49,502,8775,6.32,,,,,,2.31,652.97,4.98,,,,,,,,,,,,,,,,,,,,,,,,,,,,,,,,,,,,,,,,,,,,,,,,,,,,,,,,,,,,,,,,,,,,,,,,,,,,,,,,,,,,,,,,,,,,,,,,,,,,,,,,,,,,,,,,,,,Support
Mercy,Bronze,3.95,7.37,49.66,2.16,0.78,50,466,8588,6.57,,,,,,2.14,572.17,4.85,,,,,,,,,,,,,,,,,,,,,,,,,,,,,,,,,,,,,,,,,,,,,,,,,,,,,,,,,,,,,,,,,,,,,,,,,,,,,,,,,,,,,,,,,,,,,,,,,,,,,,,,,,,,,,,,,,,Support
Mercy,Silver,4.04,6.70,49.69,2.21,0.79,50,475,8654,6.53,,,,,,2.18,585.53,4.89,,,,,,,,,,,,,,,,,,,,,,,,,,,,,,,,,,,,,,,,,,,,,,,,,,,,,,,,,,,,,,,,,,,,,,,,,,,,,,,,,,,,,,,,,,,,,,,,,,,,,,,,,,,,,,,,,,,Support
Mercy,Gold,4.24,6.76,49.51,2.28,0.79,50,488,8802,6.38,,,,,,2.25,611.73,5.01,,,,,,,,,,,,,,,,,,,,,,,,,,,,,,,,,,,,,,,,,,,,,,,,,,,,,,,,,,,,,,,,,,,,,,,,,,,,,,,,,,,,,,,,,,,,,,,,,,,,,,,,,,,,,,,,,,,Support
Mercy,Platinum,4.31,8.54,49.82,2.29,0.78,49,487,8862,6.30,,,,,,2.26,638.37,5.05,,,,,,,,,,,,,,,,,,,,,,,,,,,,,,,,,,,,,,,,,,,,,,,,,,,,,,,,,,,,,,,,,,,,,,,,,,,,,,,,,,,,,,,,,,,,,,,,,,,,,,,,,,,,,,,,,,,Support
Mercy,Diamond,4.23,9.53,49.55,2.27,0.77,49,484,8842,6.32,,,,,,2.24,637.42,5.05,,,,,,,,,,,,,,,,,,,,,,,,,,,,,,,,,,,,,,,,,,,,,,,,,,,,,,,,,,,,,,,,,,,,,,,,,,,,,,,,,,,,,,,,,,,,,,,,,,,,,,,,,,,,,,,,,,,Support
Mercy,Master,4.17,9.42,49.97,2.25,0.77,49,479,8806,6.35,,,,,,2.22,630.20,5.03,,,,,,,,,,,,,,,,,,,,,,,,,,,,,,,,,,,,,,,,,,,,,,,,,,,,,,,,,,,,,,,,,,,,,,,,,,,,,,,,,,,,,,,,,,,,,,,,,,,,,,,,,,,,,,,,,,,Support
Mercy,Grandmaster,4.09,9.15,50.23,2.24,0.78,49,477,8769,6.40,,,,,,2.21,616.24,5.02,,,,,,,,,,,,,,,,,,,,,,,,,,,,,,,,,,,,,,,,,,,,,,,,,,,,,,,,,,,,,,,,,,,,,,,,,,,,,,,,,,,,,,,,,,,,,,,,,,,,,,,,,,,,,,,,,,,Support
Kiriko,All,5.53,3.72,49.73,9.47,3.93,66,2742,8049,5.68,,,,,,,,,30,15,9.40,4.34,19.16,,,,,,,,,,,,,,,,,,,,,,,,,,,,,,,,,,,,,,,,,,,,,,,,,,,,,,,,,,,,,,,,,,,,,,,,,,,,,,,,,,,,,,,,,,,,,,,,,,,,,,,,,,,,,,Support
Kiriko,Bronze,5.04,2.30,48.01,8.46,3.70,67,2454,7733,5.94,,,,,,,,,29,14,8.40,4.01,17.46,,,,,,,,,,,,,,,,,,,,,,,,,,,,,,,,,,,,,,,,,,,,,,,,,,,,,,,,,,,,,,,,,,,,,,,,,,,,,,,,,,,,,,,,,,,,,,,,,,,,,,,,,,,,,,Support
Kiriko,Silver,5.17,2.48,48.40,8.71,3.80,68,2518,7822,5.88,,,,,,,,,29,14,8.65,4.08,17.85,,,,,,,,,,,,,,,,,,,,,,,,,,,,,,,,,,,,,,,,,,,,,,,,,,,,,,,,,,,,,,,,,,,,,,,,,,,,,,,,,,,,,,,,,,,,,,,,,,,,,,,,,,,,,,Support
Kiriko,Gold,5.38,2.79,48.92,9.03,3.85,67,2604,8034,5.73,,,,,,,,,30,15,8.96,4.30,18.70,,,,,,,,,,,,,,,,,,,,,,,,,,,,,,,,,,,,,,,,,,,,,,,,,,,,,,,,,,,,,,,,,,,,,,,,,,,,,,,,,,,,,,,,,,,,,,,,,,,,,,,,,,,,,,Support
Kiriko,Platinum,5.50,3.11,49.19,9.25,3.85,66,2675,8124,5.65,,,,,,,,,30,15,9.18,4.43,19.14,,,,,,,,,,,,,,,,,,,,,,,,,,,,,,,,,,,,,,,,,,,,,,,,,,,,,,,,,,,,,,,,,,,,,,,,,,,,,,,,,,,,,,,,,,,,,,,,,,,,,,,,,,,,,,Support
Kiriko,Diamond,5.46,3.02,49.13,9.18,3.80,65,2668,8069,5.67,,,,,,,,,30,15,9.11,4.41,19.00,,,,,,,,,,,,,,,,,,,,,,,,,,,,,,,,,,,,,,,,,,,,,,,,,,,,,,,,,,,,,,,,,,,,,,,,,,,,,,,,,,,,,,,,,,,,,,,,,,,,,,,,,,,,,,Support
Kiriko,Master,5.37,2.67,48.86,9.07,3.76,65,2641,8010,5.72,,,,,,,,,30,15,9.00,4.36,18.76,,,,,,,,,,,,,,,,,,,,,,,,,,,,,,,,,,,,,,,,,,,,,,,,,,,,,,,,,,,,,,,,,,,,,,,,,,,,,,,,,,,,,,,,,,,,,,,,,,,,,,,,,,,,,,Support
Kiriko,Grandmaster,5.29,2.52,48.88,9.02,3.74,65,2629,7951,5.76,,,,,,,,,30,14,8.95,4.32,18.59,,,,,,,,,,,,,,,,,,,,,,,,,,,,,,,,,,,,,,,,,,,,,,,,,,,,,,,,,,,,,,,,,,,,,,,,,,,,,,,,,,,,,,,,,,,,,,,,,,,,,,,,,,,,,,Support
Genji,All,2.68,5.01,47.76,18.45,5.53,56,7002,,8.33,,,,,,,,,28,,,,,10.12,2.33,16.04,1562.47,0.03,3.55,,,,,,,,,,,,,,,,,,,,,,,,,,,,,,,,,,,,,,,,,,,,,,,,,,,,,,,,,,,,,,,,,,,,,,,,,,,,,,,,,,,,,,,,,,,,,,,,,,,,,,,,Damage
Genji,Bronze,2.39,3.73,47.88,16.81,5.31,57,6354,,8.51,,,,,,,,,27,,,,,8.89,2.18,13.82,1502.37,0.03,3.13,,,,,,,,,,,,,,,,,,,,,,,,,,,,,,,,,,,,,,,,,,,,,,,,,,,,,,,,,,,,,,,,,,,,,,,,,,,,,,,,,,,,,,,,,,,,,,,,,,,,,,,,Damage
Genji,Silver,2.46,3.67,47.52,17.11,5.40,57,6468,,8.45,,,,,,,,,27,,,,,9.09,2.18,14.15,1519.76,0.04,3.17,,,,,,,,,,,,,,,,,,,,,,,,,,,,,,,,,,,,,,,,,,,,,,,,,,,,,,,,,,,,,,,,,,,,,,,,,,,,,,,,,,,,,,,,,,,,,,,,,,,,,,,,Damage
Genji,Gold,2.56,4.01,47.69,17.91,5.49,56,6783,,8.39,,,,,,,,,28,,,,,9.67,2.28,15.39,1553.91,0.03,3.40,,,,,,,,,,,,,,,,,,,,,,,,,,,,,,,,,,,,,,,,,,,,,,,,,,,,,,,,,,,,,,,,,,,,,,,,,,,,,,,,,,,,,,,,,,,,,,,,,,,,,,,,Damage
Genji,Platinum,2.67,4.98,47.91,18.51,5.53,55,6999,,8.33,,,,,,,,,28,,,,,10.13,2.37,16.23,1570.65,0.03,3.58,,,,,,,,,,,,,,,,,,,,,,,,,,,,,,,,,,,,,,,,,,,,,,,,,,,,,,,,,,,,,,,,,,,,,,,,,,,,,,,,,,,,,,,,,,,,,,,,,,,,,,,,Damage
Genji,Diamond,2.65,5.67,48.11,18.61,5.50,55,7036,,8.35,,,,,,,,,28,,,,,10.23,2.39,16.35,1573.73,0.03,3.64,,,,,,,,,,,,,,,,,,,,,,,,,,,,,,,,,,,,,,,,,,,,,,,,,,,,,,,,,,,,,,,,,,,,,,,,,,,,,,,,,,,,,,,,,,,,,,,,,,,,,,,,Damage
Genji,Master,2.61,5.38,48.51,18.37,5.46,55,6917,,8.38,,,,,,,,,28,,,,,10.06,2.39,16.01,1565.48,0.03,3.59,,,,,,,,,,,,,,,,,,,,,,,,,,,,,,,,,,,,,,,,,,,,,,,,,,,,,,,,,,,,,,,,,,,,,,,,,,,,,,,,,,,,,,,,,,,,,,,,,,,,,,,,Damage
Genji,Grandmaster,2.58,5.06,48.80,18.11,5.41,55,6817,,8.42,,,,,,,,,28,,,,,9.87,2.37,15.66,1557.07,0.03,3.53,,,,,,,,,,,,,,,,,,,,,,,,,,,,,,,,,,,,,,,,,,,,,,,,,,,,,,,,,,,,,,,,,,,,,,,,,,,,,,,,,,,,,,,,,,,,,,,,,,,,,,,,Damage
Cassidy,All,2.81,4.54,45.91,18.41,6.35,44,7627,,8.48,,,,,,,,,41,8,,,,11.20,2.57,,,,,2.31,57.98,2.06,,,,,,,,,,,,,,,,,,,,,,,,,,,,,,,,,,,,,,,,,,,,,,,,,,,,,,,,,,,,,,,,,,,,,,,,,,,,,,,,,,,,,,,,,,,,,,,,,,,,,Damage
Cassidy,Bronze,2.52,3.60,45.76,17.18,6.13,45,7053,,8.61,,,,,,,,,39,7,,,,10.32,2.45,,,,,2.23,55.75,2.09,,,,,,,,,,,,,,,,,,,,,,,,,,,,,,,,,,,,,,,,,,,,,,,,,,,,,,,,,,,,,,,,,,,,,,,,,,,,,,,,,,,,,,,,,,,,,,,,,,,,,Damage
Cassidy,Silver,2.59,3.57,45.66,17.39,6.23,46,7133,,8.55,,,,,,,,,40,7,,,,10.45,2.46,,,,,2.26,56.28,2.13,,,,,,,,,,,,,,,,,,,,,,,,,,,,,,,,,,,,,,,,,,,,,,,,,,,,,,,,,,,,,,,,,,,,,,,,,,,,,,,,,,,,,,,,,,,,,,,,,,,,,Damage
Cassidy,Gold,2.71,3.89,45.95,18.05,6.31,44,7431,,8.52,,,,,,,,,41,8,,,,10.90,2.54,,,,,2.30,57.51,1.95,,,,,,,,,,,,,,,,,,,,,,,,,,,,,,,,,,,,,,,,,,,,,,,,,,,,,,,,,,,,,,,,,,,,,,,,,,,,,,,,,,,,,,,,,,,,,,,,,,,,,Damage
Cassidy,Platinum,2.79,4.62,46.23,18.50,6.32,43,7643,,8.48,,,,,,,,,41,8,,,,11.24,2.60,,,,,2.30,58.03,1.88,,,,,,,,,,,,,,,,,,,,,,,,,,,,,,,,,,,,,,,,,,,,,,,,,,,,,,,,,,,,,,,,,,,,,,,,,,,,,,,,,,,,,,,,,,,,,,,,,,,,,Damage
Cassidy,Diamond,2.77,4.89,45.97,18.55,6.30,43,7675,,8.51,,,,,,,,,41,8,,,,11.29,2.62,,,,,2.30,57.82,1.87,,,,,,,,,,,,,,,,,,,,,,,,,,,,,,,,,,,,,,,,,,,,,,,,,,,,,,,,,,,,,,,,,,,,,,,,,,,,,,,,,,,,,,,,,,,,,,,,,,,,,Damage
Cassidy,Master,2.72,4.93,46.44,18.36,6.24,43,7575,,8.53,,,,,,,,,41,8,,,,11.16,2.60,,,,,2.28,57.38,1.84,,,,,,,,,,,,,,,,,,,,,,,,,,,,,,,,,,,,,,,,,,,,,,,,,,,,,,,,,,,,,,,,,,,,,,,,,,,,,,,,,,,,,,,,,,,,,,,,,,,,,Damage
Cassidy,Grandmaster,2.70,4.58,46.41,18.21,6.21,43,7498,,8.55,,,,,,,,,41,8,,,,11.05,2.58,,,,,2.27,57.05,1.85,,,,,,,,,,,,,,,,,,,,,,,,,,,,,,,,,,,,,,,,,,,,,,,,,,,,,,,,,,,,,,,,,,,,,,,,,,,,,,,,,,,,,,,,,,,,,,,,,,,,,Damage
Moira,All,6.51,3.87,50.83,19.65,8.72,75,5370,8219,6.46,,,,,,,,,,,,,,,,,,,,,,,49,9.43,40,66,4.05,,,,,,,,,,,,,,,,,,,,,,,,,,,,,,,,,,,,,,,,,,,,,,,,,,,,,,,,,,,,,,,,,,,,,,,,,,,,,,,,,,,,,,,,,,,,,,,,Support
Moira,Bronze,6.06,4.08,50.70,18.91,8.62,76,5151,7806,6.66,,,,,,,,,,,,,,,,,,,,,,,47,9.03,40,65,3.78,,,,,,,,,,,,,,,,,,,,,,,,,,,,,,,,,,,,,,,,,,,,,,,,,,,,,,,,,,,,,,,,,,,,,,,,,,,,,,,,,,,,,,,,,,,,,,,,Support
Moira,Silver,6.19,3.89,50.94,19.22,8.73,76,5234,7954,6.60,,,,,,,,,,,,,,,,,,,,,,,48,9.16,41,66,3.89,,,,,,,,,,,,,,,,,,,,,,,,,,,,,,,,,,,,,,,,,,,,,,,,,,,,,,,,,,,,,,,,,,,,,,,,,,,,,,,,,,,,,,,,,,,,,,,,Support
Moira,Gold,6.48,3.79,50.96,19.54,8.76,76,5301,8232,6.47,,,,,,,,,,,,,,,,,,,,,,,49,9.23,41,65,4.03,,,,,,,,,,,,,,,,,,,,,,,,,,,,,,,,,,,,,,,,,,,,,,,,,,,,,,,,,,,,,,,,,,,,,,,,,,,,,,,,,,,,,,,,,,,,,,,,Support
Moira,Platinum,6.48,4.27,51.05,19.59,8.72,75,5315,8291,6.45,,,,,,,,,,,,,,,,,,,,,,,49,9.27,41,65,4.07,,,,,,,,,,,,,,,,,,,,,,,,,,,,,,,,,,,,,,,,,,,,,,,,,,,,,,,,,,,,,,,,,,,,,,,,,,,,,,,,,,,,,,,,,,,,,,,,Support
Moira,Diamond,6.35,4.49,50.91,19.44,8.69,74,5272,8221,6.49,,,,,,,,,,,,,,,,,,,,,,,49,9.19,41,65,4.02,,,,,,,,,,,,,,,,,,,,,,,,,,,,,,,,,,,,,,,,,,,,,,,,,,,,,,,,,,,,,,,,,,,,,,,,,,,,,,,,,,,,,,,,,,,,,,,,Support
Moira,Master,6.23,4.45,50.99,19.33,8.67,75,5243,8143,6.53,,,,,,,,,,,,,,,,,,,,,,,48,9.10,41,65,3.98,,,,,,,,,,,,,,,,,,,,,,,,,,,,,,,,,,,,,,,,,,,,,,,,,,,,,,,,,,,,,,,,,,,,,,,,,,,,,,,,,,,,,,,,,,,,,,,,Support
Moira,Grandmaster,6.20,4.42,51.06,19.29,8.67,75,5236,8088,6.55,,,,,,,,,,,,,,,,,,,,,,,48,9.09,41,65,3.96,,,,,,,,,,,,,,,,,,,,,,,,,,,,,,,,,,,,,,,,,,,,,,,,,,,,,,,,,,,,,,,,,,,,,,,,,,,,,,,,,,,,,,,,,,,,,,,,Support
Reinhardt,All,3.50,4.04,52.20,15.91,5.65,95,6957,,7.91,,,,,,,,,,,,,,,,,,,,,,,,,,,,71,3.46,5.41,3.01,,,,,,,,,,,,,,,,,,,,,,,,,,,,,,,,,,,,,,,,,,,,,,,,,,,,,,,,,,,,,,,,,,,,,,,,,,,,,,,,,,,,,,,,,,,,Tank
Reinhardt,Bronze,3.23,3.94,52.18,15.04,5.52,97,6477,,8.01,,,,,,,,,,,,,,,,,,,,,,,,,,,,73,3.34,4.85,2.74,,,,,,,,,,,,,,,,,,,,,,,,,,,,,,,,,,,,,,,,,,,,,,,,,,,,,,,,,,,,,,,,,,,,,,,,,,,,,,,,,,,,,,,,,,,,Tank
Reinhardt,Silver,3.33,3.86,52.17,15.32,5.62,97,6614,,7.96,,,,,,,,,,,,,,,,,,,,,,,,,,,,73,3.40,4.99,2.82,,,,,,,,,,,,,,,,,,,,,,,,,,,,,,,,,,,,,,,,,,,,,,,,,,,,,,,,,,,,,,,,,,,,,,,,,,,,,,,,,,,,,,,,,,,,Tank
Reinhardt,Gold,3.45,4.13,52.25,15.65,5.64,96,6806,,7.93,,,,,,,,,,,,,,,,,,,,,,,,,,,,72,3.39,5.27,2.94,,,,,,,,,,,,,,,,,,,,,,,,,,,,,,,,,,,,,,,,,,,,,,,,,,,,,,,,,,,,,,,,,,,,,,,,,,,,,,,,,,,,,,,,,,,,Tank
Reinhardt,Platinum,3.46,4.57,52.46,15.81,5.61,94,6906,,7.92,,,,,,,,,,,,,,,,,,,,,,,,,,,,71,3.39,5.42,3.01,,,,,,,,,,,,,,,,,,,,,,,,,,,,,,,,,,,,,,,,,,,,,,,,,,,,,,,,,,,,,,,,,,,,,,,,,,,,,,,,,,,,,,,,,,,,Tank
Reinhardt,Diamond,3.39,4.67,52.49,15.66,5.57,94,6823,,7.94,,,,,,,,,,,,,,,,,,,,,,,,,,,,72,3.37,5.33,2.96,,,,,,,,,,,,,,,,,,,,,,,,,,,,,,,,,,,,,,,,,,,,,,,,,,,,,,,,,,,,,,,,,,,,,,,,,,,,,,,,,,,,,,,,,,,,Tank
Reinhardt,Master,3.33,4.67,52.61,15.52,5.54,95,6738,,7.96,,,,,,,,,,,,,,,,,,,,,,,,,,,,72,3.35,5.23,2.92,,,,,,,,,,,,,,,,,,,,,,,,,,,,,,,,,,,,,,,,,,,,,,,,,,,,,,,,,,,,,,,,,,,,,,,,,,,,,,,,,,,,,,,,,,,,Tank
Reinhardt,Grandmaster,3.30,4.60,52.65,15.41,5.54,95,6672,,7.97,,,,,,,,,,,,,,,,,,,,,,,,,,,,72,3.34,5.16,2.88,,,,,,,,,,,,,,,,,,,,,,,,,,,,,,,,,,,,,,,,,,,,,,,,,,,,,,,,,,,,,,,,,,,,,,,,,,,,,,,,,,,,,,,,,,,,Tank
Widowmaker,All,2.81,4.14,45.17,15.44,3.70,15,5592,,7.50,44,,,,,,,,,,,,,10.33,4.19,,,,,,,,,,,,,,,,,—,3.73,1.28,,,,,,,,,,,,,,,,,,,,,,,,,,,,,,,,,,,,,,,,,,,,,,,,,,,,,,,,,,,,,,,,,,,,,,,,,,,,,,,,,,,,,,,,,Damage
Widowmaker,Bronze,2.60,3.43,45.14,14.17,3.58,15,5177,,7.44,44,,,,,,,,,,,,,9.24,3.77,,,,,,,,,,,,,,,,,—,3.47,1.33,,,,,,,,,,,,,,,,,,,,,,,,,,,,,,,,,,,,,,,,,,,,,,,,,,,,,,,,,,,,,,,,,,,,,,,,,,,,,,,,,,,,,,,,,Damage
Widowmaker,Silver,2.68,3.34,45.12,14.50,3.63,15,5288,,7.41,44,,,,,,,,,,,,,9.50,3.86,,,,,,,,,,,,,,,,,—,3.54,1.35,,,,,,,,,,,,,,,,,,,,,,,,,,,,,,,,,,,,,,,,,,,,,,,,,,,,,,,,,,,,,,,,,,,,,,,,,,,,,,,,,,,,,,,,,Damage
Widowmaker,Gold,2.75,3.54,45.04,15.06,3.68,15,5468,,7.48,44,,,,,,,,,,,,,9.97,4.06,,,,,,,,,,,,,,,,,—,3.67,1.32,,,,,,,,,,,,,,,,,,,,,,,,,,,,,,,,,,,,,,,,,,,,,,,,,,,,,,,,,,,,,,,,,,,,,,,,,,,,,,,,,,,,,,,,,Damage
Widowmaker,Platinum,2.78,4.22,45.35,15.42,3.71,15,5578,,7.53,44,,,,,,,,,,,,,10.29,4.19,,,,,,,,,,,,,,,,,—,3.75,1.29,,,,,,,,,,,,,,,,,,,,,,,,,,,,,,,,,,,,,,,,,,,,,,,,,,,,,,,,,,,,,,,,,,,,,,,,,,,,,,,,,,,,,,,,,Damage
Widowmaker,Diamond,2.75,4.59,45.31,15.48,3.71,15,5597,,7.55,44,,,,,,,,,,,,,10.36,4.22,,,,,,,,,,,,,,,,,—,3.78,1.28,,,,,,,,,,,,,,,,,,,,,,,,,,,,,,,,,,,,,,,,,,,,,,,,,,,,,,,,,,,,,,,,,,,,,,,,,,,,,,,,,,,,,,,,,Damage
Widowmaker,Master,2.73,4.68,45.87,15.35,3.69,15,5544,,7.55,44,,,,,,,,,,,,,10.24,4.17,,,,,,,,,,,,,,,,,—,3.78,1.29,,,,,,,,,,,,,,,,,,,,,,,,,,,,,,,,,,,,,,,,,,,,,,,,,,,,,,,,,,,,,,,,,,,,,,,,,,,,,,,,,,,,,,,,,Damage
Widowmaker,Grandmaster,2.70,4.48,46.13,15.22,3.67,15,5506,,7.55,44,,,,,,,,,,,,,10.13,4.12,,,,,,,,,,,,,,,,,—,3.76,1.29,,,,,,,,,,,,,,,,,,,,,,,,,,,,,,,,,,,,,,,,,,,,,,,,,,,,,,,,,,,,,,,,,,,,,,,,,,,,,,,,,,,,,,,,,Damage
Lucio,All,4.22,3.63,51.85,13.54,6.01,91,3759,7296,7.24,,,,,,,,,26,8,,,,,,,,,,,,,,,,,,,,,,,,,28.31,10.38,,,,,,,,,,,,,,,,,,,,,,,,,,,,,,,,,,,,,,,,,,,,,,,,,,,,,,,,,,,,,,,,,,,,,,,,,,,,,,,,,,,,,,,Support
Lucio,Bronze,3.85,3.57,52.69,12.70,6.03,95,3493,7520,7.40,,,,,,,,,25,8,,,,,,,,,,,,,,,,,,,,,,,,,24.78,10.42,,,,,,,,,,,,,,,,,,,,,,,,,,,,,,,,,,,,,,,,,,,,,,,,,,,,,,,,,,,,,,,,,,,,,,,,,,,,,,,,,,,,,,,Support
Lucio,Silver,3.96,3.40,52.61,12.94,6.08,95,3564,7526,7.37,,,,,,,,,25,8,,,,,,,,,,,,,,,,,,,,,,,,,25.81,10.44,,,,,,,,,,,,,,,,,,,,,,,,,,,,,,,,,,,,,,,,,,,,,,,,,,,,,,,,,,,,,,,,,,,,,,,,,,,,,,,,,,,,,,,Support
Lucio,Gold,4.12,3.51,52.43,13.32,6.09,93,3675,7435,7.29,,,,,,,,,26,8,,,,,,,,,,,,,,,,,,,,,,,,,27.08,10.47,,,,,,,,,,,,,,,,,,,,,,,,,,,,,,,,,,,,,,,,,,,,,,,,,,,,,,,,,,,,,,,,,,,,,,,,,,,,,,,,,,,,,,,Support
Lucio,Platinum,4.17,3.98,52.63,13.50,6.03,91,3728,7346,7.25,,,,,,,,,26,8,,,,,,,,,,,,,,,,,,,,,,,,,27.52,10.49,,,,,,,,,,,,,,,,,,,,,,,,,,,,,,,,,,,,,,,,,,,,,,,,,,,,,,,,,,,,,,,,,,,,,,,,,,,,,,,,,,,,,,,Support
Lucio,Diamond,4.08,4.29,52.71,13.39,6.02,91,3694,7360,7.27,,,,,,,,,26,8,,,,,,,,,,,,,,,,,,,,,,,,,26.94,10.51,,,,,,,,,,,,,,,,,,,,,,,,,,,,,,,,,,,,,,,,,,,,,,,,,,,,,,,,,,,,,,,,,,,,,,,,,,,,,,,,,,,,,,,Support
Lucio,Master,4.05,4.28,52.66,13.29,6.03,92,3665,7375,7.30,,,,,,,,,26,8,,,,,,,,,,,,,,,,,,,,,,,,,26.42,10.52,,,,,,,,,,,,,,,,,,,,,,,,,,,,,,,,,,,,,,,,,,,,,,,,,,,,,,,,,,,,,,,,,,,,,,,,,,,,,,,,,,,,,,,Support
Lucio,Grandmaster,4.00,4.28,53.04,13.22,6.04,92,3643,7389,7.32,,,,,,,,,25,8,,,,,,,,,,,,,,,,,,,,,,,,,26.15,10.51,,,,,,,,,,,,,,,,,,,,,,,,,,,,,,,,,,,,,,,,,,,,,,,,,,,,,,,,,,,,,,,,,,,,,,,,,,,,,,,,,,,,,,,Support
Soldier: 76,All,3.28,3.38,48.02,20.61,7.77,49,8670,1436,8.25,,,,,,,,,34,7,,,,10.68,2.25,,,,,,,,,,,,,,,,,,,,,,57,1.23,7.05,3.49,,,,,,,,,,,,,,,,,,,,,,,,,,,,,,,,,,,,,,,,,,,,,,,,,,,,,,,,,,,,,,,,,,,,,,,,,,,,,,,,,,,Damage
Soldier: 76,Bronze,3.00,3.18,48.26,19.60,7.76,52,8152,1425,8.47,,,,,,,,,32,7,,,,9.98,2.14,,,,,,,,,,,,,,,,,,,,,,55,1.11,6.48,3.34,,,,,,,,,,,,,,,,,,,,,,,,,,,,,,,,,,,,,,,,,,,,,,,,,,,,,,,,,,,,,,,,,,,,,,,,,,,,,,,,,,,Damage
Soldier: 76,Silver,3.09,3.02,48.30,19.92,7.86,52,8282,1432,8.41,,,,,,,,,33,7,,,,10.17,2.16,,,,,,,,,,,,,,,,,,,,,,55,1.13,6.61,3.40,,,,,,,,,,,,,,,,,,,,,,,,,,,,,,,,,,,,,,,,,,,,,,,,,,,,,,,,,,,,,,,,,,,,,,,,,,,,,,,,,,,Damage
Soldier: 76,Gold,3.20,3.21,48.58,20.43,7.82,50,8552,1447,8.29,,,,,,,,,33,7,,,,10.53,2.23,,,,,,,,,,,,,,,,,,,,,,56,1.19,6.91,3.48,,,,,,,,,,,,,,,,,,,,,,,,,,,,,,,,,,,,,,,,,,,,,,,,,,,,,,,,,,,,,,,,,,,,,,,,,,,,,,,,,,,Damage
Soldier: 76,Platinum,3.27,3.58,48.94,20.64,7.73,48,8667,1449,8.23,,,,,,,,,34,7,,,,10.69,2.28,,,,,,,,,,,,,,,,,,,,,,57,1.24,7.06,3.50,,,,,,,,,,,,,,,,,,,,,,,,,,,,,,,,,,,,,,,,,,,,,,,,,,,,,,,,,,,,,,,,,,,,,,,,,,,,,,,,,,,Damage
Soldier: 76,Diamond,3.20,3.74,48.79,20.53,7.71,48,8614,1450,8.27,,,,,,,,,34,7,,,,10.64,2.28,,,,,,,,,,,,,,,,,,,,,,56,1.24,7.01,3.48,,,,,,,,,,,,,,,,,,,,,,,,,,,,,,,,,,,,,,,,,,,,,,,,,,,,,,,,,,,,,,,,,,,,,,,,,,,,,,,,,,,Damage
Soldier: 76,Master,3.16,3.79,48.88,20.37,7.70,49,8522,1447,8.30,,,,,,,,,34,7,,,,10.52,2.26,,,,,,,,,,,,,,,,,,,,,,56,1.22,6.92,3.45,,,,,,,,,,,,,,,,,,,,,,,,,,,,,,,,,,,,,,,,,,,,,,,,,,,,,,,,,,,,,,,,,,,,,,,,,,,,,,,,,,,Damage
Soldier: 76,Grandmaster,3.13,3.65,49.16,20.25,7.71,49,8459,1448,8.33,,,,,,,,,33,7,,,,10.44,2.24,,,,,,,,,,,,,,,,,,,,,,56,1.20,6.85,3.44,,,,,,,,,,,,,,,,,,,,,,,,,,,,,,,,,,,,,,,,,,,,,,,,,,,,,,,,,,,,,,,,,,,,,,,,,,,,,,,,,,,Damage
Hanzo,All,3.37,4.04,46.39,17.47,5.98,39,7530,,7.81,,,,,,,,,30,11,,,,11.44,3.15,,,,,,,,,,,,,,,,,,2.76,,,,,2.47,,,5.40,2.21,,,,,,,,,,,,,,,,,,,,,,,,,,,,,,,,,,,,,,,,,,,,,,,,,,,,,,,,,,,,,,,,,,,,,,,,,,,,,,,,,Damage
Hanzo,Bronze,3.10,3.33,46.56,16.39,5.86,40,7105,,7.86,,,,,,,,,30,10,,,,10.63,2.96,,,,,,,,,,,,,,,,,,2.54,,,,,2.37,,,5.04,2.18,,,,,,,,,,,,,,,,,,,,,,,,,,,,,,,,,,,,,,,,,,,,,,,,,,,,,,,,,,,,,,,,,,,,,,,,,,,,,,,,,Damage
Hanzo,Silver,3.19,3.27,46.44,16.64,5.94,40,7202,,7.83,,,,,,,,,30,10,,,,10.81,3.00,,,,,,,,,,,,,,,,,,2.57,,,,,2.40,,,5.06,2.19,,,,,,,,,,,,,,,,,,,,,,,,,,,,,,,,,,,,,,,,,,,,,,,,,,,,,,,,,,,,,,,,,,,,,,,,,,,,,,,,,Damage
Hanzo,Gold,3.28,3.53,46.44,17.16,5.97,39,7419,,7.81,,,,,,,,,30,10,,,,11.18,3.09,,,,,,,,,,,,,,,,,,2.70,,,,,2.44,,,5.28,2.22,,,,,,,,,,,,,,,,,,,,,,,,,,,,,,,,,,,,,,,,,,,,,,,,,,,,,,,,,,,,,,,,,,,,,,,,,,,,,,,,,Damage
Hanzo,Platinum,3.35,4.13,46.72,17.52,5.95,38,7557,,7.81,,,,,,,,,30,11,,,,11.47,3.18,,,,,,,,,,,,,,,,,,2.79,,,,,2.46,,,5.46,2.23,,,,,,,,,,,,,,,,,,,,,,,,,,,,,,,,,,,,,,,,,,,,,,,,,,,,,,,,,,,,,,,,,,,,,,,,,,,,,,,,,Damage
Hanzo,Diamond,3.30,4.25,46.55,17.48,5.91,38,7540,,7.83,,,,,,,,,30,11,,,,11.45,3.18,,,,,,,,,,,,,,,,,,2.80,,,,,2.45,,,5.50,2.23,,,,,,,,,,,,,,,,,,,,,,,,,,,,,,,,,,,,,,,,,,,,,,,,,,,,,,,,,,,,,,,,,,,,,,,,,,,,,,,,,Damage
Hanzo,Master,3.25,4.16,46.80,17.30,5.87,38,7467,,7.84,,,,,,,,,30,10,,,,11.31,3.14,,,,,,,,,,,,,,,,,,2.76,,,,,2.44,,,5.46,2.23,,,,,,,,,,,,,,,,,,,,,,,,,,,,,,,,,,,,,,,,,,,,,,,,,,,,,,,,,,,,,,,,,,,,,,,,,,,,,,,,,Damage
Hanzo,Grandmaster,3.23,4.06,46.76,17.17,5.85,38,7416,,7.84,,,,,,,,,30,10,,,,11.20,3.12,,,,,,,,,,,,,,,,,,2.75,,,,,2.42,,,5.43,2.22,,,,,,,,,,,,,,,,,,,,,,,,,,,,,,,,,,,,,,,,,,,,,,,,,,,,,,,,,,,,,,,,,,,,,,,,,,,,,,,,,Damage
Zenyatta,All,5.72,3.61,52.00,14.77,5.86,54,5053,5697,7.10,,,,,,,516.11,,26,,,,,,,,,,,,,,,,,,,,,,,,,,,,,,,,,,23,6.24,1269.62,,,,,,,,,,,,,,,,,,,,,,,,,,,,,,,,,,,,,,,,,,,,,,,,,,,,,,,,,,,,,,,,,,,,,,,,,,,,,,Support
Zenyatta,Bronze,5.28,3.25,52.17,13.87,5.71,55,4692,5541,7.29,,,,,,,488.32,,25,,,,,,,,,,,,,,,,,,,,,,,,,,,,,,,,,,22,5.53,1203.75,,,,,,,,,,,,,,,,,,,,,,,,,,,,,,,,,,,,,,,,,,,,,,,,,,,,,,,,,,,,,,,,,,,,,,,,,,,,,,Support
Zenyatta,Silver,5.35,3.11,52.07,14.11,5.81,55,4777,5585,7.27,,,,,,,508.80,,25,,,,,,,,,,,,,,,,,,,,,,,,,,,,,,,,,,22,5.61,1222.24,,,,,,,,,,,,,,,,,,,,,,,,,,,,,,,,,,,,,,,,,,,,,,,,,,,,,,,,,,,,,,,,,,,,,,,,,,,,,,Support
Zenyatta,Gold,5.58,3.33,52.35,14.49,5.85,55,4920,5674,7.15,,,,,,,487.14,,26,,,,,,,,,,,,,,,,,,,,,,,,,,,,,,,,,,23,6.00,1255.80,,,,,,,,,,,,,,,,,,,,,,,,,,,,,,,,,,,,,,,,,,,,,,,,,,,,,,,,,,,,,,,,,,,,,,,,,,,,,,Support
Zenyatta,Platinum,5.71,3.94,52.33,14.70,5.82,54,5000,5712,7.06,,,,,,,472.75,,26,,,,,,,,,,,,,,,,,,,,,,,,,,,,,,,,,,23,6.26,1267.69,,,,,,,,,,,,,,,,,,,,,,,,,,,,,,,,,,,,,,,,,,,,,,,,,,,,,,,,,,,,,,,,,,,,,,,,,,,,,,Support
Zenyatta,Diamond,5.62,4.17,52.27,14.56,5.76,53,4957,5687,7.08,,,,,,,461.20,,26,,,,,,,,,,,,,,,,,,,,,,,,,,,,,,,,,,23,6.24,1254.94,,,,,,,,,,,,,,,,,,,,,,,,,,,,,,,,,,,,,,,,,,,,,,,,,,,,,,,,,,,,,,,,,,,,,,,,,,,,,,Support
Zenyatta,Master,5.54,4.08,52.54,14.49,5.74,53,4924,5656,7.11,,,,,,,452.85,,26,,,,,,,,,,,,,,,,,,,,,,,,,,,,,,,,,,22,6.13,1247.77,,,,,,,,,,,,,,,,,,,,,,,,,,,,,,,,,,,,,,,,,,,,,,,,,,,,,,,,,,,,,,,,,,,,,,,,,,,,,,Support
Zenyatta,Grandmaster,5.47,4.11,52.71,14.41,5.72,53,4889,5626,7.14,,,,,,,450.89,,25,,,,,,,,,,,,,,,,,,,,,,,,,,,,,,,,,,22,6.05,1234.86,,,,,,,,,,,,,,,,,,,,,,,,,,,,,,,,,,,,,,,,,,,,,,,,,,,,,,,,,,,,,,,,,,,,,,,,,,,,,,Support
D.Va,All,6.60,3.70,50.02,21.00,6.67,92,6913,,5.58,,,,,,,,,24,,,,,,,,,,,,,,,,,,,74,,,,,,,,,,,,,,,,,,9.12,2.31,2.31,,,,,,,,,,,,,,,,,,,,,,,,,,,,,,,,,,,,,,,,,,,,,,,,,,,,,,,,,,,,,,,,,,,,,,,,,,,Tank
D.Va,Bronze,5.98,4.40,50.85,20.16,6.70,94,6506,,5.77,,,,,,,,,22,,,,,,,,,,,,,,,,,,,76,,,,,,,,,,,,,,,,,,8.38,2.31,2.31,,,,,,,,,,,,,,,,,,,,,,,,,,,,,,,,,,,,,,,,,,,,,,,,,,,,,,,,,,,,,,,,,,,,,,,,,,,Tank
D.Va,Silver,6.19,4.07,50.80,20.49,6.77,94,6640,,5.72,,,,,,,,,23,,,,,,,,,,,,,,,,,,,76,,,,,,,,,,,,,,,,,,8.65,2.31,2.31,,,,,,,,,,,,,,,,,,,,,,,,,,,,,,,,,,,,,,,,,,,,,,,,,,,,,,,,,,,,,,,,,,,,,,,,,,,Tank
D.Va,Gold,6.45,4.00,50.78,20.86,6.73,93,6810,,5.62,,,,,,,,,23,,,,,,,,,,,,,,,,,,,75,,,,,,,,,,,,,,,,,,9.01,2.30,2.30,,,,,,,,,,,,,,,,,,,,,,,,,,,,,,,,,,,,,,,,,,,,,,,,,,,,,,,,,,,,,,,,,,,,,,,,,,,Tank
D.Va,Platinum,6.49,4.40,51.08,20.94,6.65,91,6849,,5.58,,,,,,,,,24,,,,,,,,,,,,,,,,,,,74,,,,,,,,,,,,,,,,,,9.10,2.29,2.29,,,,,,,,,,,,,,,,,,,,,,,,,,,,,,,,,,,,,,,,,,,,,,,,,,,,,,,,,,,,,,,,,,,,,,,,,,,Tank
D.Va,Diamond,6.31,4.69,51.33,20.77,6.64,92,6757,,5.63,,,,,,,,,23,,,,,,,,,,,,,,,,,,,75,,,,,,,,,,,,,,,,,,8.93,2.29,2.29,,,,,,,,,,,,,,,,,,,,,,,,,,,,,,,,,,,,,,,,,,,,,,,,,,,,,,,,,,,,,,,,,,,,,,,,,,,Tank
D.Va,Master,6.23,4.76,51.48,20.69,6.65,92,6704,,5.65,,,,,,,,,23,,,,,,,,,,,,,,,,,,,75,,,,,,,,,,,,,,,,,,8.83,2.29,2.29,,,,,,,,,,,,,,,,,,,,,,,,,,,,,,,,,,,,,,,,,,,,,,,,,,,,,,,,,,,,,,,,,,,,,,,,,,,Tank
D.Va,Grandmaster,6.16,4.78,51.60,20.57,6.67,92,6647,,5.68,,,,,,,,,23,,,,,,,,,,,,,,,,,,,75,,,,,,,,,,,,,,,,,,8.74,2.29,2.29,,,,,,,,,,,,,,,,,,,,,,,,,,,,,,,,,,,,,,,,,,,,,,,,,,,,,,,,,,,,,,,,,,,,,,,,,,,Tank
Roadhog,All,3.91,2.93,46.58,18.41,7.10,83,6994,,6.67,,,,,,,,,26,,,,,,,,,,,,,,,,,,,73,,,,,,,,,,,,,,,,,,,,,4314.16,10.15,50.04,2.78,,,,,,,,,,,,,,,,,,,,,,,,,,,,,,,,,,,,,,,,,,,,,,,,,,,,,,,,,,,,,,,,,,,,,,,Tank
Roadhog,Bronze,3.51,2.81,46.68,17.09,6.86,84,6419,,6.88,,,,,,,,,25,,,,,,,,,,,,,,,,,,,75,,,,,,,,,,,,,,,,,,,,,4226.44,9.04,49.12,2.56,,,,,,,,,,,,,,,,,,,,,,,,,,,,,,,,,,,,,,,,,,,,,,,,,,,,,,,,,,,,,,,,,,,,,,,Tank
Roadhog,Silver,3.64,2.78,46.57,17.43,7.02,85,6563,,6.80,,,,,,,,,25,,,,,,,,,,,,,,,,,,,75,,,,,,,,,,,,,,,,,,,,,4253.32,9.33,49.45,2.61,,,,,,,,,,,,,,,,,,,,,,,,,,,,,,,,,,,,,,,,,,,,,,,,,,,,,,,,,,,,,,,,,,,,,,,Tank
Roadhog,Gold,3.83,2.96,46.63,18.09,7.08,83,6820,,6.72,,,,,,,,,26,,,,,,,,,,,,,,,,,,,74,,,,,,,,,,,,,,,,,,,,,4268.42,9.94,49.81,2.72,,,,,,,,,,,,,,,,,,,,,,,,,,,,,,,,,,,,,,,,,,,,,,,,,,,,,,,,,,,,,,,,,,,,,,,Tank
Roadhog,Platinum,3.87,3.33,47.42,18.45,7.01,81,6959,,6.69,,,,,,,,,26,,,,,,,,,,,,,,,,,,,72,,,,,,,,,,,,,,,,,,,,,4291.98,10.20,49.98,2.80,,,,,,,,,,,,,,,,,,,,,,,,,,,,,,,,,,,,,,,,,,,,,,,,,,,,,,,,,,,,,,,,,,,,,,,Tank
Roadhog,Diamond,3.77,3.45,47.43,18.20,6.93,81,6842,,6.74,,,,,,,,,26,,,,,,,,,,,,,,,,,,,72,,,,,,,,,,,,,,,,,,,,,4284.87,9.95,49.84,2.76,,,,,,,,,,,,,,,,,,,,,,,,,,,,,,,,,,,,,,,,,,,,,,,,,,,,,,,,,,,,,,,,,,,,,,,Tank
Roadhog,Master,3.73,3.44,47.55,18.00,6.90,81,6755,,6.77,,,,,,,,,26,,,,,,,,,,,,,,,,,,,73,,,,,,,,,,,,,,,,,,,,,4268.96,9.74,49.72,2.73,,,,,,,,,,,,,,,,,,,,,,,,,,,,,,,,,,,,,,,,,,,,,,,,,,,,,,,,,,,,,,,,,,,,,,,Tank
Roadhog,Grandmaster,3.66,3.33,47.43,17.83,6.88,81,6675,,6.79,,,,,,,,,26,,,,,,,,,,,,,,,,,,,73,,,,,,,,,,,,,,,,,,,,,4261.61,9.57,49.61,2.70,,,,,,,,,,,,,,,,,,,,,,,,,,,,,,,,,,,,,,,,,,,,,,,,,,,,,,,,,,,,,,,,,,,,,,,Tank
Junkrat,All,2.89,2.81,47.84,17.57,6.47,43,7966,,8.24,,,,,,,,,24,,,,,11.30,3.46,,,,,,,,,,,,,,,,,,,,,,,,,,,,,,,,,,,,,,14,4.48,4.90,—,,,,,,,,,,,,,,,,,,,,,,,,,,,,,,,,,,,,,,,,,,,,,,,,,,,,,,,,,,,,,,,,,,,Damage
Junkrat,Bronze,2.70,2.99,47.94,16.94,6.57,46,7629,,8.40,,,,,,,,,23,,,,,10.81,3.31,,,,,,,,,,,,,,,,,,,,,,,,,,,,,,,,,,,,,,14,4.11,4.82,—,,,,,,,,,,,,,,,,,,,,,,,,,,,,,,,,,,,,,,,,,,,,,,,,,,,,,,,,,,,,,,,,,,,Damage
Junkrat,Silver,2.78,2.83,48.14,17.23,6.61,46,7771,,8.33,,,,,,,,,23,,,,,11.01,3.36,,,,,,,,,,,,,,,,,,,,,,,,,,,,,,,,,,,,,,14,4.21,4.88,—,,,,,,,,,,,,,,,,,,,,,,,,,,,,,,,,,,,,,,,,,,,,,,,,,,,,,,,,,,,,,,,,,,,Damage
Junkrat,Gold,2.85,2.78,48.06,17.50,6.49,44,7921,,8.25,,,,,,,,,23,,,,,11.24,3.45,,,,,,,,,,,,,,,,,,,,,,,,,,,,,,,,,,,,,,14,4.35,4.90,—,,,,,,,,,,,,,,,,,,,,,,,,,,,,,,,,,,,,,,,,,,,,,,,,,,,,,,,,,,,,,,,,,,,Damage
Junkrat,Platinum,2.84,2.98,48.24,17.51,6.40,43,7931,,8.24,,,,,,,,,23,,,,,11.26,3.48,,,,,,,,,,,,,,,,,,,,,,,,,,,,,,,,,,,,,,14,4.40,4.90,—,,,,,,,,,,,,,,,,,,,,,,,,,,,,,,,,,,,,,,,,,,,,,,,,,,,,,,,,,,,,,,,,,,,Damage
Junkrat,Diamond,2.77,3.13,47.99,17.36,6.40,43,7854,,8.29,,,,,,,,,23,,,,,11.15,3.45,,,,,,,,,,,,,,,,,,,,,,,,,,,,,,,,,,,,,,14,4.34,4.87,—,,,,,,,,,,,,,,,,,,,,,,,,,,,,,,,,,,,,,,,,,,,,,,,,,,,,,,,,,,,,,,,,,,,Damage
Junkrat,Master,2.74,3.25,48.24,17.25,6.42,43,7787,,8.31,,,,,,,,,23,,,,,11.07,3.42,,,,,,,,,,,,,,,,,,,,,,,,,,,,,,,,,,,,,,14,4.26,4.86,—,,,,,,,,,,,,,,,,,,,,,,,,,,,,,,,,,,,,,,,,,,,,,,,,,,,,,,,,,,,,,,,,,,,Damage
Junkrat,Grandmaster,2.73,3.32,48.29,17.21,6.44,44,7763,,8.33,,,,,,,,,23,,,,,11.03,3.41,,,,,,,,,,,,,,,,,,,,,,,,,,,,,,,,,,,,,,14,4.24,4.86,—,,,,,,,,,,,,,,,,,,,,,,,,,,,,,,,,,,,,,,,,,,,,,,,,,,,,,,,,,,,,,,,,,,,Damage
Tracer,All,2.77,2.62,45.92,18.54,6.44,56,6414,,8.39,,,,,,,,,32,8,,,,8.86,2.48,,,,,,,,,,,,,,,,,,,,,,,,,,,,,,,,,,795.67,,,,,,,,4.83,1.55,2.18,,,,,,,,,,,,,,,,,,,,,,,,,,,,,,,,,,,,,,,,,,,,,,,,,,,,,,,,,,,,,,,,Damage
Tracer,Bronze,2.51,2.23,46.83,17.38,6.33,58,5881,,8.56,,,,,,,,,31,8,,,,8.14,2.37,,,,,,,,,,,,,,,,,,,,,,,,,,,,,,,,,,753.14,,,,,,,,4.66,1.43,2.08,,,,,,,,,,,,,,,,,,,,,,,,,,,,,,,,,,,,,,,,,,,,,,,,,,,,,,,,,,,,,,,,Damage
Tracer,Silver,2.57,2.12,46.46,17.58,6.39,58,5990,,8.52,,,,,,,,,31,8,,,,8.23,2.36,,,,,,,,,,,,,,,,,,,,,,,,,,,,,,,,,,765.56,,,,,,,,4.72,1.45,2.11,,,,,,,,,,,,,,,,,,,,,,,,,,,,,,,,,,,,,,,,,,,,,,,,,,,,,,,,,,,,,,,,Damage
Tracer,Gold,2.67,2.26,46.40,18.21,6.49,57,6254,,8.44,,,,,,,,,32,8,,,,8.62,2.43,,,,,,,,,,,,,,,,,,,,,,,,,,,,,,,,,,785.06,,,,,,,,4.81,1.52,2.16,,,,,,,,,,,,,,,,,,,,,,,,,,,,,,,,,,,,,,,,,,,,,,,,,,,,,,,,,,,,,,,,Damage
Tracer,Platinum,2.72,2.75,46.95,18.57,6.48,56,6393,,8.42,,,,,,,,,32,8,,,,8.89,2.51,,,,,,,,,,,,,,,,,,,,,,,,,,,,,,,,,,792.50,,,,,,,,4.83,1.55,2.18,,,,,,,,,,,,,,,,,,,,,,,,,,,,,,,,,,,,,,,,,,,,,,,,,,,,,,,,,,,,,,,,Damage
Tracer,Diamond,2.72,2.96,46.86,18.66,6.45,55,6416,,8.43,,,,,,,,,32,8,,,,9.00,2.57,,,,,,,,,,,,,,,,,,,,,,,,,,,,,,,,,,795.52,,,,,,,,4.84,1.55,2.18,,,,,,,,,,,,,,,,,,,,,,,,,,,,,,,,,,,,,,,,,,,,,,,,,,,,,,,,,,,,,,,,Damage
Tracer,Master,2.69,3.00,47.34,18.58,6.43,55,6358,,8.45,,,,,,,,,32,8,,,,8.98,2.59,,,,,,,,,,,,,,,,,,,,,,,,,,,,,,,,,,789.34,,,,,,,,4.83,1.55,2.17,,,,,,,,,,,,,,,,,,,,,,,,,,,,,,,,,,,,,,,,,,,,,,,,,,,,,,,,,,,,,,,,Damage
Tracer,Grandmaster,2.70,2.86,47.63,18.58,6.42,55,6348,,8.46,,,,,,,,,32,8,,,,9.00,2.62,,,,,,,,,,,,,,,,,,,,,,,,,,,,,,,,,,788.27,,,,,,,,4.83,1.56,2.18,,,,,,,,,,,,,,,,,,,,,,,,,,,,,,,,,,,,,,,,,,,,,,,,,,,,,,,,,,,,,,,,Damage
Ashe,All,3.08,2.36,50.10,17.89,6.45,48,8336,,7.32,40,,,,,,,,,,,,,9.47,2.01,,,,,,,,,,,,,,,,,—,,,,,,,,,,,,,,,,,,,,,,,,,,,,1.87,5.14,2.99,,,,,,,,,,,,,,,,,,,,,,,,,,,,,,,,,,,,,,,,,,,,,,,,,,,,,,,,,,,,,Damage
Ashe,Bronze,2.80,1.96,49.31,16.72,6.34,50,7710,,7.49,39,,,,,,,,,,,,,8.68,1.88,,,,,,,,,,,,,,,,,—,,,,,,,,,,,,,,,,,,,,,,,,,,,,1.85,4.66,2.89,,,,,,,,,,,,,,,,,,,,,,,,,,,,,,,,,,,,,,,,,,,,,,,,,,,,,,,,,,,,,Damage
Ashe,Silver,2.90,1.94,49.52,17.03,6.44,50,7853,,7.40,39,,,,,,,,,,,,,8.85,1.90,,,,,,,,,,,,,,,,,—,,,,,,,,,,,,,,,,,,,,,,,,,,,,1.86,4.80,2.93,,,,,,,,,,,,,,,,,,,,,,,,,,,,,,,,,,,,,,,,,,,,,,,,,,,,,,,,,,,,,Damage
Ashe,Gold,3.00,2.13,49.64,17.67,6.50,49,8206,,7.34,40,,,,,,,,,,,,,9.27,1.98,,,,,,,,,,,,,,,,,—,,,,,,,,,,,,,,,,,,,,,,,,,,,,1.88,5.09,2.98,,,,,,,,,,,,,,,,,,,,,,,,,,,,,,,,,,,,,,,,,,,,,,,,,,,,,,,,,,,,,Damage
Ashe,Platinum,3.05,2.37,50.16,18.04,6.46,47,8420,,7.33,41,,,,,,,,,,,,,9.54,2.03,,,,,,,,,,,,,,,,,—,,,,,,,,,,,,,,,,,,,,,,,,,,,,1.90,5.23,2.99,,,,,,,,,,,,,,,,,,,,,,,,,,,,,,,,,,,,,,,,,,,,,,,,,,,,,,,,,,,,,Damage
Ashe,Diamond,3.00,2.45,50.10,18.02,6.44,47,8399,,7.39,41,,,,,,,,,,,,,9.55,2.04,,,,,,,,,,,,,,,,,—,,,,,,,,,,,,,,,,,,,,,,,,,,,,1.91,5.20,2.99,,,,,,,,,,,,,,,,,,,,,,,,,,,,,,,,,,,,,,,,,,,,,,,,,,,,,,,,,,,,,Damage
Ashe,Master,2.95,2.41,50.38,17.84,6.41,48,8307,,7.42,40,,,,,,,,,,,,,9.43,2.01,,,,,,,,,,,,,,,,,—,,,,,,,,,,,,,,,,,,,,,,,,,,,,1.91,5.14,2.98,,,,,,,,,,,,,,,,,,,,,,,,,,,,,,,,,,,,,,,,,,,,,,,,,,,,,,,,,,,,,Damage
Ashe,Grandmaster,2.94,2.24,50.14,17.74,6.42,48,8243,,7.43,40,,,,,,,,,,,,,9.36,1.99,,,,,,,,,,,,,,,,,—,,,,,,,,,,,,,,,,,,,,,,,,,,,,1.92,5.09,2.98,,,,,,,,,,,,,,,,,,,,,,,,,,,,,,,,,,,,,,,,,,,,,,,,,,,,,,,,,,,,,Damage
Orisa,All,4.02,1.91,47.53,18.02,8.33,97,7482,,7.01,,,,,,,,,29,,,,,,,,,,,,,,,,,,,78,,,,,,,,,,,,,,,,,,,,,,,,,,,,,,,,,,,5.93,5.24,3.47,,,,,,,,,,,,,,,,,,,,,,,,,,,,,,,,,,,,,,,,,,,,,,,,,,,,,,,,,,Tank
Orisa,Bronze,3.73,2.09,48.04,17.23,8.30,97,6993,,7.15,,,,,,,,,28,,,,,,,,,,,,,,,,,,,79,,,,,,,,,,,,,,,,,,,,,,,,,,,,,,,,,,,5.35,4.88,3.18,,,,,,,,,,,,,,,,,,,,,,,,,,,,,,,,,,,,,,,,,,,,,,,,,,,,,,,,,,Tank
Orisa,Silver,3.83,2.00,47.92,17.54,8.38,97,7175,,7.09,,,,,,,,,28,,,,,,,,,,,,,,,,,,,79,,,,,,,,,,,,,,,,,,,,,,,,,,,,,,,,,,,5.52,5.06,3.28,,,,,,,,,,,,,,,,,,,,,,,,,,,,,,,,,,,,,,,,,,,,,,,,,,,,,,,,,,Tank
Orisa,Gold,3.94,1.98,47.94,17.85,8.36,96,7335,,7.02,,,,,,,,,29,,,,,,,,,,,,,,,,,,,78,,,,,,,,,,,,,,,,,,,,,,,,,,,,,,,,,,,5.85,5.30,3.44,,,,,,,,,,,,,,,,,,,,,,,,,,,,,,,,,,,,,,,,,,,,,,,,,,,,,,,,,,Tank
Orisa,Platinum,3.96,2.07,48.21,17.93,8.29,95,7346,,6.99,,,,,,,,,29,,,,,,,,,,,,,,,,,,,77,,,,,,,,,,,,,,,,,,,,,,,,,,,,,,,,,,,5.95,5.23,3.46,,,,,,,,,,,,,,,,,,,,,,,,,,,,,,,,,,,,,,,,,,,,,,,,,,,,,,,,,,Tank
Orisa,Diamond,3.88,2.09,48.38,17.71,8.27,95,7205,,7.02,,,,,,,,,28,,,,,,,,,,,,,,,,,,,78,,,,,,,,,,,,,,,,,,,,,,,,,,,,,,,,,,,5.78,5.09,3.38,,,,,,,,,,,,,,,,,,,,,,,,,,,,,,,,,,,,,,,,,,,,,,,,,,,,,,,,,,Tank
Orisa,Master,3.82,2.12,48.55,17.60,8.28,95,7127,,7.05,,,,,,,,,28,,,,,,,,,,,,,,,,,,,78,,,,,,,,,,,,,,,,,,,,,,,,,,,,,,,,,,,5.67,5.03,3.32,,,,,,,,,,,,,,,,,,,,,,,,,,,,,,,,,,,,,,,,,,,,,,,,,,,,,,,,,,Tank
Orisa,Grandmaster,3.78,2.14,48.65,17.51,8.29,95,7068,,7.06,,,,,,,,,28,,,,,,,,,,,,,,,,,,,78,,,,,,,,,,,,,,,,,,,,,,,,,,,,,,,,,,,5.60,5.00,3.28,,,,,,,,,,,,,,,,,,,,,,,,,,,,,,,,,,,,,,,,,,,,,,,,,,,,,,,,,,Tank
Zarya,All,4.88,2.48,48.68,19.90,8.50,92,7596,,6.30,,,,,,,,,,,,,,,,,,,,,,,40,,,,,75,,,,,,,,,,,,,,,,,,,,,,,,,,,,,,,,,,,,,,40,10.82,32.76,3.27,,,,,,,,,,,,,,,,,,,,,,,,,,,,,,,,,,,,,,,,,,,,,,,,,,,,,,Tank
Zarya,Bronze,4.40,2.39,49.06,18.58,8.30,94,6949,,6.49,,,,,,,,,,,,,,,,,,,,,,,40,,,,,78,,,,,,,,,,,,,,,,,,,,,,,,,,,,,,,,,,,,,,39,9.43,30.43,2.92,,,,,,,,,,,,,,,,,,,,,,,,,,,,,,,,,,,,,,,,,,,,,,,,,,,,,,Tank
Zarya,Silver,4.54,2.31,48.60,18.94,8.42,95,7111,,6.45,,,,,,,,,,,,,,,,,,,,,,,40,,,,,78,,,,,,,,,,,,,,,,,,,,,,,,,,,,,,,,,,,,,,39,9.70,30.94,2.98,,,,,,,,,,,,,,,,,,,,,,,,,,,,,,,,,,,,,,,,,,,,,,,,,,,,,,Tank
Zarya,Gold,4.77,2.51,48.88,19.58,8.51,93,7385,,6.34,,,,,,,,,,,,,,,,,,,,,,,40,,,,,76,,,,,,,,,,,,,,,,,,,,,,,,,,,,,,,,,,,,,,40,10.45,32.36,3.19,,,,,,,,,,,,,,,,,,,,,,,,,,,,,,,,,,,,,,,,,,,,,,,,,,,,,,Tank
Zarya,Platinum,4.84,2.85,49.44,19.94,8.48,91,7536,,6.29,,,,,,,,,,,,,,,,,,,,,,,41,,,,,75,,,,,,,,,,,,,,,,,,,,,,,,,,,,,,,,,,,,,,40,10.91,33.10,3.32,,,,,,,,,,,,,,,,,,,,,,,,,,,,,,,,,,,,,,,,,,,,,,,,,,,,,,Tank
Zarya,Diamond,4.74,2.87,49.64,19.69,8.40,90,7413,,6.32,,,,,,,,,,,,,,,,,,,,,,,40,,,,,75,,,,,,,,,,,,,,,,,,,,,,,,,,,,,,,,,,,,,,40,10.70,32.72,3.26,,,,,,,,,,,,,,,,,,,,,,,,,,,,,,,,,,,,,,,,,,,,,,,,,,,,,,Tank
Zarya,Master,4.70,2.93,50.01,19.53,8.38,91,7332,,6.34,,,,,,,,,,,,,,,,,,,,,,,40,,,,,76,,,,,,,,,,,,,,,,,,,,,,,,,,,,,,,,,,,,,,40,10.52,32.39,3.22,,,,,,,,,,,,,,,,,,,,,,,,,,,,,,,,,,,,,,,,,,,,,,,,,,,,,,Tank
Zarya,Grandmaster,4.65,2.87,50.02,19.40,8.37,91,7261,,6.36,,,,,,,,,,,,,,,,,,,,,,,40,,,,,76,,,,,,,,,,,,,,,,,,,,,,,,,,,,,,,,,,,,,,40,10.36,32.12,3.17,,,,,,,,,,,,,,,,,,,,,,,,,,,,,,,,,,,,,,,,,,,,,,,,,,,,,,Tank
Reaper,All,3.13,2.17,49.11,20.46,7.65,62,7669,,8.28,,,,,,,,,27,9,,,,11.84,2.90,,,,,,,,,,,,,,,,,,,,,,,,,,,,,,,,,,1220.22,,,,,,,,,,,,,,,,,,,,,3.94,,,,,,,,,,,,,,,,,,,,,,,,,,,,,,,,,,,,,,,,,,,,,,,,,,,,,Damage
Reaper,Bronze,2.86,2.22,49.44,19.36,7.50,63,7117,,8.42,,,,,,,,,26,9,,,,11.05,2.82,,,,,,,,,,,,,,,,,,,,,,,,,,,,,,,,,,1130.18,,,,,,,,,,,,,,,,,,,,,3.71,,,,,,,,,,,,,,,,,,,,,,,,,,,,,,,,,,,,,,,,,,,,,,,,,,,,,Damage
Reaper,Silver,3.00,2.16,49.43,19.83,7.62,63,7338,,8.34,,,,,,,,,26,9,,,,11.37,2.85,,,,,,,,,,,,,,,,,,,,,,,,,,,,,,,,,,1165.43,,,,,,,,,,,,,,,,,,,,,3.82,,,,,,,,,,,,,,,,,,,,,,,,,,,,,,,,,,,,,,,,,,,,,,,,,,,,,Damage
Reaper,Gold,3.07,2.18,49.54,20.36,7.69,62,7609,,8.32,,,,,,,,,27,9,,,,11.77,2.91,,,,,,,,,,,,,,,,,,,,,,,,,,,,,,,,,,1194.17,,,,,,,,,,,,,,,,,,,,,3.92,,,,,,,,,,,,,,,,,,,,,,,,,,,,,,,,,,,,,,,,,,,,,,,,,,,,,Damage
Reaper,Platinum,3.05,2.36,49.81,20.43,7.63,61,7656,,8.32,,,,,,,,,27,9,,,,11.85,2.94,,,,,,,,,,,,,,,,,,,,,,,,,,,,,,,,,,1194.70,,,,,,,,,,,,,,,,,,,,,3.92,,,,,,,,,,,,,,,,,,,,,,,,,,,,,,,,,,,,,,,,,,,,,,,,,,,,,Damage
Reaper,Diamond,2.97,2.48,49.51,20.17,7.58,61,7532,,8.38,,,,,,,,,26,9,,,,11.67,2.94,,,,,,,,,,,,,,,,,,,,,,,,,,,,,,,,,,1175.22,,,,,,,,,,,,,,,,,,,,,3.87,,,,,,,,,,,,,,,,,,,,,,,,,,,,,,,,,,,,,,,,,,,,,,,,,,,,,Damage
Reaper,Master,2.95,2.48,49.88,19.99,7.56,61,7427,,8.40,,,,,,,,,26,9,,,,11.54,2.92,,,,,,,,,,,,,,,,,,,,,,,,,,,,,,,,,,1156.87,,,,,,,,,,,,,,,,,,,,,3.83,,,,,,,,,,,,,,,,,,,,,,,,,,,,,,,,,,,,,,,,,,,,,,,,,,,,,Damage
Reaper,Grandmaster,2.91,2.44,49.88,19.89,7.55,61,7367,,8.42,,,,,,,,,26,9,,,,11.47,2.92,,,,,,,,,,,,,,,,,,,,,,,,,,,,,,,,,,1147.85,,,,,,,,,,,,,,,,,,,,,3.81,,,,,,,,,,,,,,,,,,,,,,,,,,,,,,,,,,,,,,,,,,,,,,,,,,,,,Damage
Sojourn,All,3.28,1.23,47.23,19.39,7.40,54,8348,,7.87,,,,,,,,,28,,,,,9.43,1.49,,,,,,,,,,,,,,,,,,,,,,,,,,,,,,,,,,,,,,,,,,,,,,,,,,,,,,,,49,11,9.10,5.45,2.33,,,,,,,,,,,,,,,,,,,,,,,,,,,,,,,,,,,,,,,,,,,,,,,,Damage
Sojourn,Bronze,2.95,0.79,44.57,17.75,7.31,59,7690,,8.14,,,,,,,,,27,,,,,8.05,1.27,,,,,,,,,,,,,,,,,,,,,,,,,,,,,,,,,,,,,,,,,,,,,,,,,,,,,,,,47,10,7.67,5.03,1.97,,,,,,,,,,,,,,,,,,,,,,,,,,,,,,,,,,,,,,,,,,,,,,,,Damage
Sojourn,Silver,3.04,0.83,45.34,18.19,7.38,58,7885,,8.04,,,,,,,,,27,,,,,8.38,1.32,,,,,,,,,,,,,,,,,,,,,,,,,,,,,,,,,,,,,,,,,,,,,,,,,,,,,,,,48,10,8.00,5.16,2.05,,,,,,,,,,,,,,,,,,,,,,,,,,,,,,,,,,,,,,,,,,,,,,,,Damage
Sojourn,Gold,3.15,0.89,45.96,18.82,7.38,56,8159,,7.92,,,,,,,,,28,,,,,8.91,1.41,,,,,,,,,,,,,,,,,,,,,,,,,,,,,,,,,,,,,,,,,,,,,,,,,,,,,,,,49,10,8.60,5.36,2.20,,,,,,,,,,,,,,,,,,,,,,,,,,,,,,,,,,,,,,,,,,,,,,,,Damage
Sojourn,Platinum,3.22,0.96,46.42,19.15,7.33,54,8300,,7.87,,,,,,,,,28,,,,,9.26,1.47,,,,,,,,,,,,,,,,,,,,,,,,,,,,,,,,,,,,,,,,,,,,,,,,,,,,,,,,49,11,8.99,5.39,2.32,,,,,,,,,,,,,,,,,,,,,,,,,,,,,,,,,,,,,,,,,,,,,,,,Damage
Sojourn,Diamond,3.20,0.93,46.45,19.01,7.28,55,8255,,7.92,,,,,,,,,28,,,,,9.18,1.45,,,,,,,,,,,,,,,,,,,,,,,,,,,,,,,,,,,,,,,,,,,,,,,,,,,,,,,,49,11,8.93,5.33,2.32,,,,,,,,,,,,,,,,,,,,,,,,,,,,,,,,,,,,,,,,,,,,,,,,Damage
Sojourn,Master,3.15,0.86,46.43,18.79,7.25,55,8168,,7.95,,,,,,,,,28,,,,,9.01,1.42,,,,,,,,,,,,,,,,,,,,,,,,,,,,,,,,,,,,,,,,,,,,,,,,,,,,,,,,49,11,8.75,5.27,2.28,,,,,,,,,,,,,,,,,,,,,,,,,,,,,,,,,,,,,,,,,,,,,,,,Damage
Sojourn,Grandmaster,3.14,0.82,46.67,18.72,7.23,56,8124,,7.97,,,,,,,,,28,,,,,8.94,1.41,,,,,,,,,,,,,,,,,,,,,,,,,,,,,,,,,,,,,,,,,,,,,,,,,,,,,,,,49,11,8.67,5.25,2.26,,,,,,,,,,,,,,,,,,,,,,,,,,,,,,,,,,,,,,,,,,,,,,,,Damage
Pharah,All,3.41,2.09,48.20,19.76,6.66,36,8267,,8.26,,,,,,,,,46,,,,,11.71,3.10,,,,,,,,,,,,,,,,,,,,,,,1.17,,,,,,,,,,,,,,,17,,,,,,,,,,,,,,,,,,,,,,,64.87,3.51,,,,,,,,,,,,,,,,,,,,,,,,,,,,,,,,,,,,,,,,,,,,,,Damage
Pharah,Bronze,3.18,1.96,48.09,18.47,6.51,37,7733,,8.30,,,,,,,,,44,,,,,10.72,2.95,,,,,,,,,,,,,,,,,,,,,,,1.14,,,,,,,,,,,,,,,17,,,,,,,,,,,,,,,,,,,,,,,62.56,3.22,,,,,,,,,,,,,,,,,,,,,,,,,,,,,,,,,,,,,,,,,,,,,,Damage
Pharah,Silver,3.30,1.92,48.22,18.97,6.62,37,7917,,8.26,,,,,,,,,45,,,,,11.08,3.03,,,,,,,,,,,,,,,,,,,,,,,1.13,,,,,,,,,,,,,,,17,,,,,,,,,,,,,,,,,,,,,,,63.43,3.32,,,,,,,,,,,,,,,,,,,,,,,,,,,,,,,,,,,,,,,,,,,,,,Damage
Pharah,Gold,3.35,2.01,48.56,19.51,6.68,37,8154,,8.26,,,,,,,,,45,,,,,11.49,3.09,,,,,,,,,,,,,,,,,,,,,,,1.16,,,,,,,,,,,,,,,17,,,,,,,,,,,,,,,,,,,,,,,64.77,3.45,,,,,,,,,,,,,,,,,,,,,,,,,,,,,,,,,,,,,,,,,,,,,,Damage
Pharah,Platinum,3.33,2.20,48.81,19.67,6.65,36,8235,,8.27,,,,,,,,,45,,,,,11.66,3.12,,,,,,,,,,,,,,,,,,,,,,,1.17,,,,,,,,,,,,,,,17,,,,,,,,,,,,,,,,,,,,,,,65.17,3.49,,,,,,,,,,,,,,,,,,,,,,,,,,,,,,,,,,,,,,,,,,,,,,Damage
Pharah,Diamond,3.26,2.30,48.54,19.48,6.59,36,8149,,8.29,,,,,,,,,45,,,,,11.52,3.08,,,,,,,,,,,,,,,,,,,,,,,1.18,,,,,,,,,,,,,,,17,,,,,,,,,,,,,,,,,,,,,,,64.88,3.45,,,,,,,,,,,,,,,,,,,,,,,,,,,,,,,,,,,,,,,,,,,,,,Damage
Pharah,Master,3.22,2.25,48.30,19.24,6.56,36,8054,,8.31,,,,,,,,,45,,,,,11.34,3.05,,,,,,,,,,,,,,,,,,,,,,,1.17,,,,,,,,,,,,,,,17,,,,,,,,,,,,,,,,,,,,,,,64.43,3.40,,,,,,,,,,,,,,,,,,,,,,,,,,,,,,,,,,,,,,,,,,,,,,Damage
Pharah,Grandmaster,3.21,2.24,48.90,19.11,6.54,36,8001,,8.30,,,,,,,,,45,,,,,11.23,3.04,,,,,,,,,,,,,,,,,,,,,,,1.17,,,,,,,,,,,,,,,17,,,,,,,,,,,,,,,,,,,,,,,64.24,3.37,,,,,,,,,,,,,,,,,,,,,,,,,,,,,,,,,,,,,,,,,,,,,,Damage
Baptiste,All,4.67,1.96,48.15,11.52,4.89,59,3751,8091,6.57,,,,,,,542.90,,30,9,,,,,,,,,,,,,,,,,,,,,,,,,,,,,,,,,,,,,,,,,,,,,,,,,,,,,,,,,,,,,,,,,,,,62.89,2.78,1.77,,,,,,,,,,,,,,,,,,,,,,,,,,,,,,,,,,,,,,,,,,,Support
Baptiste,Bronze,4.06,1.74,47.19,10.56,4.70,61,3433,7582,6.90,,,,,,,483.60,,28,8,,,,,,,,,,,,,,,,,,,,,,,,,,,,,,,,,,,,,,,,,,,,,,,,,,,,,,,,,,,,,,,,,,,,60.44,2.71,1.67,,,,,,,,,,,,,,,,,,,,,,,,,,,,,,,,,,,,,,,,,,,Support
Baptiste,Silver,4.21,1.65,47.35,10.78,4.79,62,3495,7720,6.84,,,,,,,493.19,,28,9,,,,,,,,,,,,,,,,,,,,,,,,,,,,,,,,,,,,,,,,,,,,,,,,,,,,,,,,,,,,,,,,,,,,61.22,2.73,1.68,,,,,,,,,,,,,,,,,,,,,,,,,,,,,,,,,,,,,,,,,,,Support
Baptiste,Gold,4.46,1.76,47.77,11.13,4.82,60,3603,8002,6.65,,,,,,,524.82,,29,9,,,,,,,,,,,,,,,,,,,,,,,,,,,,,,,,,,,,,,,,,,,,,,,,,,,,,,,,,,,,,,,,,,,,62.38,2.79,1.76,,,,,,,,,,,,,,,,,,,,,,,,,,,,,,,,,,,,,,,,,,,Support
Baptiste,Platinum,4.61,2.06,48.16,11.35,4.80,58,3690,8129,6.56,,,,,,,545.31,,30,9,,,,,,,,,,,,,,,,,,,,,,,,,,,,,,,,,,,,,,,,,,,,,,,,,,,,,,,,,,,,,,,,,,,,62.86,2.84,1.81,,,,,,,,,,,,,,,,,,,,,,,,,,,,,,,,,,,,,,,,,,,Support
Baptiste,Diamond,4.50,2.12,47.94,11.30,4.77,58,3683,8058,6.60,,,,,,,543.03,,30,9,,,,,,,,,,,,,,,,,,,,,,,,,,,,,,,,,,,,,,,,,,,,,,,,,,,,,,,,,,,,,,,,,,,,62.55,2.84,1.80,,,,,,,,,,,,,,,,,,,,,,,,,,,,,,,,,,,,,,,,,,,Support
Baptiste,Master,4.36,2.06,48.12,11.20,4.74,58,3656,7980,6.66,,,,,,,536.25,,29,8,,,,,,,,,,,,,,,,,,,,,,,,,,,,,,,,,,,,,,,,,,,,,,,,,,,,,,,,,,,,,,,,,,,,62.22,2.85,1.79,,,,,,,,,,,,,,,,,,,,,,,,,,,,,,,,,,,,,,,,,,,Support
Baptiste,Grandmaster,4.32,2.00,48.17,11.17,4.74,59,3652,7921,6.70,,,,,,,533.02,,29,8,,,,,,,,,,,,,,,,,,,,,,,,,,,,,,,,,,,,,,,,,,,,,,,,,,,,,,,,,,,,,,,,,,,,61.97,2.84,1.78,,,,,,,,,,,,,,,,,,,,,,,,,,,,,,,,,,,,,,,,,,,Support
Winston,All,4.22,1.68,49.33,19.79,6.92,87,6735,,7.66,,,,,,,,,,,,,,,,,,,,,,,44,,,,,66,,,,,,,,,,,,,,,,,,,,,,,,,,,,,,,,,,,,,,60,,,,,,,,,,,,,,,6.38,2.06,,,,,,,,,,,,,,,,,,,,,,,,,,,,,,,,,,,,,,,,,Tank
Winston,Bronze,3.80,1.55,49.57,18.74,6.92,90,6249,,7.94,,,,,,,,,,,,,,,,,,,,,,,41,,,,,71,,,,,,,,,,,,,,,,,,,,,,,,,,,,,,,,,,,,,,58,,,,,,,,,,,,,,,5.68,1.90,,,,,,,,,,,,,,,,,,,,,,,,,,,,,,,,,,,,,,,,,Tank
Winston,Silver,3.91,1.54,49.22,19.03,7.02,90,6369,,7.87,,,,,,,,,,,,,,,,,,,,,,,42,,,,,71,,,,,,,,,,,,,,,,,,,,,,,,,,,,,,,,,,,,,,59,,,,,,,,,,,,,,,5.76,1.91,,,,,,,,,,,,,,,,,,,,,,,,,,,,,,,,,,,,,,,,,Tank
Winston,Gold,4.11,1.64,49.35,19.57,6.98,88,6577,,7.73,,,,,,,,,,,,,,,,,,,,,,,43,,,,,68,,,,,,,,,,,,,,,,,,,,,,,,,,,,,,,,,,,,,,60,,,,,,,,,,,,,,,6.12,2.00,,,,,,,,,,,,,,,,,,,,,,,,,,,,,,,,,,,,,,,,,Tank
Winston,Platinum,4.18,1.88,50.06,19.80,6.89,86,6690,,7.67,,,,,,,,,,,,,,,,,,,,,,,44,,,,,66,,,,,,,,,,,,,,,,,,,,,,,,,,,,,,,,,,,,,,61,,,,,,,,,,,,,,,6.38,2.08,,,,,,,,,,,,,,,,,,,,,,,,,,,,,,,,,,,,,,,,,Tank
Winston,Diamond,4.13,1.89,50.16,19.63,6.85,86,6602,,7.71,,,,,,,,,,,,,,,,,,,,,,,43,,,,,66,,,,,,,,,,,,,,,,,,,,,,,,,,,,,,,,,,,,,,60,,,,,,,,,,,,,,,6.31,2.07,,,,,,,,,,,,,,,,,,,,,,,,,,,,,,,,,,,,,,,,,Tank
Winston,Master,4.06,1.89,50.67,19.50,6.86,86,6537,,7.76,,,,,,,,,,,,,,,,,,,,,,,43,,,,,67,,,,,,,,,,,,,,,,,,,,,,,,,,,,,,,,,,,,,,60,,,,,,,,,,,,,,,6.21,2.06,,,,,,,,,,,,,,,,,,,,,,,,,,,,,,,,,,,,,,,,,Tank
Winston,Grandmaster,4.01,1.84,50.52,19.36,6.87,87,6473,,7.80,,,,,,,,,,,,,,,,,,,,,,,43,,,,,68,,,,,,,,,,,,,,,,,,,,,,,,,,,,,,,,,,,,,,59,,,,,,,,,,,,,,,6.10,2.03,,,,,,,,,,,,,,,,,,,,,,,,,,,,,,,,,,,,,,,,,Tank
Sigma,All,5.46,1.70,52.00,19.08,8.46,104,8839,,5.56,,,,,,,,,49,,,,,,,,,,,,,,,,,,,74,,,,,,,,,,,,,,,,,,,,,,,,,,,,,,,,,,,,,,,,,,,,,,,,,,,,,,,4.72,1364.99,2.64,,,,,,,,,,,,,,,,,,,,,,,,,,,,,,,,,,,,,,Tank
Sigma,Bronze,5.03,1.66,51.60,18.15,8.52,108,8326,,5.69,,,,,,,,,48,,,,,,,,,,,,,,,,,,,77,,,,,,,,,,,,,,,,,,,,,,,,,,,,,,,,,,,,,,,,,,,,,,,,,,,,,,,4.36,1337.39,2.41,,,,,,,,,,,,,,,,,,,,,,,,,,,,,,,,,,,,,,Tank
Sigma,Silver,5.16,1.61,51.72,18.44,8.59,108,8476,,5.64,,,,,,,,,48,,,,,,,,,,,,,,,,,,,77,,,,,,,,,,,,,,,,,,,,,,,,,,,,,,,,,,,,,,,,,,,,,,,,,,,,,,,4.46,1360.22,2.49,,,,,,,,,,,,,,,,,,,,,,,,,,,,,,,,,,,,,,Tank
Sigma,Gold,5.33,1.67,52.00,18.81,8.49,105,8685,,5.60,,,,,,,,,49,,,,,,,,,,,,,,,,,,,75,,,,,,,,,,,,,,,,,,,,,,,,,,,,,,,,,,,,,,,,,,,,,,,,,,,,,,,4.60,1375.61,2.58,,,,,,,,,,,,,,,,,,,,,,,,,,,,,,,,,,,,,,Tank
Sigma,Platinum,5.36,1.85,52.00,18.99,8.34,102,8794,,5.59,,,,,,,,,49,,,,,,,,,,,,,,,,,,,73,,,,,,,,,,,,,,,,,,,,,,,,,,,,,,,,,,,,,,,,,,,,,,,,,,,,,,,4.68,1374.26,2.63,,,,,,,,,,,,,,,,,,,,,,,,,,,,,,,,,,,,,,Tank
Sigma,Diamond,5.28,1.86,51.99,18.84,8.31,102,8711,,5.62,,,,,,,,,49,,,,,,,,,,,,,,,,,,,73,,,,,,,,,,,,,,,,,,,,,,,,,,,,,,,,,,,,,,,,,,,,,,,,,,,,,,,4.62,1361.67,2.59,,,,,,,,,,,,,,,,,,,,,,,,,,,,,,,,,,,,,,Tank
Sigma,Master,5.19,1.84,51.92,18.69,8.32,103,8632,,5.64,,,,,,,,,49,,,,,,,,,,,,,,,,,,,74,,,,,,,,,,,,,,,,,,,,,,,,,,,,,,,,,,,,,,,,,,,,,,,,,,,,,,,4.57,1358.39,2.56,,,,,,,,,,,,,,,,,,,,,,,,,,,,,,,,,,,,,,Tank
Sigma,Grandmaster,5.19,1.80,51.99,18.60,8.36,104,8570,,5.65,,,,,,,,,49,,,,,,,,,,,,,,,,,,,74,,,,,,,,,,,,,,,,,,,,,,,,,,,,,,,,,,,,,,,,,,,,,,,,,,,,,,,4.53,1356.35,2.53,,,,,,,,,,,,,,,,,,,,,,,,,,,,,,,,,,,,,,Tank
Doomfist,All,3.45,1.80,49.99,17.69,5.46,64,6717,,9.17,,,,,,,,,27,,,,,,,,,,,,,,,,,,,57,,,,,,,,,,,,,,,,,,,,,,,,,,,,,,,,,,,,,,,,,,,,,,,,,,,,,,,,2103.50,,10.31,8.74,2.17,,,,,,,,,,,,,,,,,,,,,,,,,,,,,,,,,,,Tank
Doomfist,Bronze,2.99,1.31,49.76,16.30,5.31,65,6109,,9.50,,,,,,,,,25,,,,,,,,,,,,,,,,,,,59,,,,,,,,,,,,,,,,,,,,,,,,,,,,,,,,,,,,,,,,,,,,,,,,,,,,,,,,1929.41,,9.38,8.12,2.09,,,,,,,,,,,,,,,,,,,,,,,,,,,,,,,,,,,Tank
Doomfist,Silver,3.09,1.33,49.47,16.55,5.41,66,6259,,9.34,,,,,,,,,26,,,,,,,,,,,,,,,,,,,60,,,,,,,,,,,,,,,,,,,,,,,,,,,,,,,,,,,,,,,,,,,,,,,,,,,,,,,,2003.20,,9.57,8.21,2.12,,,,,,,,,,,,,,,,,,,,,,,,,,,,,,,,,,,Tank
Doomfist,Gold,3.29,1.56,49.85,17.18,5.45,65,6507,,9.27,,,,,,,,,26,,,,,,,,,,,,,,,,,,,59,,,,,,,,,,,,,,,,,,,,,,,,,,,,,,,,,,,,,,,,,,,,,,,,,,,,,,,,2049.33,,9.96,8.54,2.14,,,,,,,,,,,,,,,,,,,,,,,,,,,,,,,,,,,Tank
Doomfist,Platinum,3.40,1.84,49.93,17.63,5.41,62,6639,,9.27,,,,,,,,,27,,,,,,,,,,,,,,,,,,,57,,,,,,,,,,,,,,,,,,,,,,,,,,,,,,,,,,,,,,,,,,,,,,,,,,,,,,,,2050.28,,10.28,8.77,2.15,,,,,,,,,,,,,,,,,,,,,,,,,,,,,,,,,,,Tank
Doomfist,Diamond,3.37,1.95,50.36,17.65,5.36,60,6607,,9.31,,,,,,,,,27,,,,,,,,,,,,,,,,,,,57,,,,,,,,,,,,,,,,,,,,,,,,,,,,,,,,,,,,,,,,,,,,,,,,,,,,,,,,2023.04,,10.31,8.78,2.14,,,,,,,,,,,,,,,,,,,,,,,,,,,,,,,,,,,Tank
Doomfist,Master,3.28,1.83,50.57,17.48,5.31,60,6522,,9.39,,,,,,,,,26,,,,,,,,,,,,,,,,,,,56,,,,,,,,,,,,,,,,,,,,,,,,,,,,,,,,,,,,,,,,,,,,,,,,,,,,,,,,1989.61,,10.19,8.68,2.13,,,,,,,,,,,,,,,,,,,,,,,,,,,,,,,,,,,Tank
Doomfist,Grandmaster,3.25,1.73,50.48,17.34,5.30,60,6456,,9.42,,,,,,,,,26,,,,,,,,,,,,,,,,,,,57,,,,,,,,,,,,,,,,,,,,,,,,,,,,,,,,,,,,,,,,,,,,,,,,,,,,,,,,1969.45,,10.12,8.67,2.12,,,,,,,,,,,,,,,,,,,,,,,,,,,,,,,,,,,Tank
Brigitte,All,4.82,1.74,55.53,14.13,5.49,82,3834,7275,7.63,,,,,,,,,,,,,,,,,,,,,,,,,,,,,,,,,,,,,,,,,,,,,,,,,,,,,,,,,,,,,,,,,,,,,,,,,,,,,,,,,,,,1890.51,,,,,32,,,,,,,,,,,,,,,,,,,,,,,,,,,,,,,,,,Support
Brigitte,Bronze,4.36,1.63,55.86,13.47,5.41,84,3608,6855,7.86,,,,,,,,,,,,,,,,,,,,,,,,,,,,,,,,,,,,,,,,,,,,,,,,,,,,,,,,,,,,,,,,,,,,,,,,,,,,,,,,,,,,1832.73,,,,,30,,,,,,,,,,,,,,,,,,,,,,,,,,,,,,,,,,Support
Brigitte,Silver,4.46,1.56,55.82,13.77,5.50,84,3699,6965,7.83,,,,,,,,,,,,,,,,,,,,,,,,,,,,,,,,,,,,,,,,,,,,,,,,,,,,,,,,,,,,,,,,,,,,,,,,,,,,,,,,,,,,1848.23,,,,,31,,,,,,,,,,,,,,,,,,,,,,,,,,,,,,,,,,Support
Brigitte,Gold,4.66,1.62,55.93,14.08,5.54,83,3794,7149,7.70,,,,,,,,,,,,,,,,,,,,,,,,,,,,,,,,,,,,,,,,,,,,,,,,,,,,,,,,,,,,,,,,,,,,,,,,,,,,,,,,,,,,1937.68,,,,,32,,,,,,,,,,,,,,,,,,,,,,,,,,,,,,,,,,Support
Brigitte,Platinum,4.72,1.82,55.87,14.12,5.51,82,3810,7253,7.59,,,,,,,,,,,,,,,,,,,,,,,,,,,,,,,,,,,,,,,,,,,,,,,,,,,,,,,,,,,,,,,,,,,,,,,,,,,,,,,,,,,,1974.16,,,,,32,,,,,,,,,,,,,,,,,,,,,,,,,,,,,,,,,,Support
Brigitte,Diamond,4.65,1.99,55.71,14.02,5.47,81,3778,7223,7.58,,,,,,,,,,,,,,,,,,,,,,,,,,,,,,,,,,,,,,,,,,,,,,,,,,,,,,,,,,,,,,,,,,,,,,,,,,,,,,,,,,,,1982.49,,,,,32,,,,,,,,,,,,,,,,,,,,,,,,,,,,,,,,,,Support
Brigitte,Master,4.56,1.90,55.89,13.94,5.46,82,3752,7162,7.60,,,,,,,,,,,,,,,,,,,,,,,,,,,,,,,,,,,,,,,,,,,,,,,,,,,,,,,,,,,,,,,,,,,,,,,,,,,,,,,,,,,,1985.32,,,,,32,,,,,,,,,,,,,,,,,,,,,,,,,,,,,,,,,,Support
Brigitte,Grandmaster,4.53,1.94,56.19,13.93,5.47,82,3738,7125,7.62,,,,,,,,,,,,,,,,,,,,,,,,,,,,,,,,,,,,,,,,,,,,,,,,,,,,,,,,,,,,,,,,,,,,,,,,,,,,,,,,,,,,1986.24,,,,,31,,,,,,,,,,,,,,,,,,,,,,,,,,,,,,,,,,Support
Bastion,All,3.27,1.38,48.87,19.97,7.96,49,9176,,8.21,,,,,,,,,24,,,,,11.39,2.11,,,,,,,,,,,,,,,,,,,,,,,,,,,,,,,,,,878.46,,,,,,,,,,,,,,,,,,,,,,,,,,,,,,,,,,,,,,,,,10.17,12.02,4.77,0.95,,,,,,,,,,,,,,,,,,,,,,,,,,,,,,Damage
Bastion,Bronze,3.00,1.39,49.09,19.12,7.89,50,8650,,8.35,,,,,,,,,23,,,,,10.79,2.11,,,,,,,,,,,,,,,,,,,,,,,,,,,,,,,,,,901.15,,,,,,,,,,,,,,,,,,,,,,,,,,,,,,,,,,,,,,,,,9.58,11.38,4.41,0.96,,,,,,,,,,,,,,,,,,,,,,,,,,,,,,Damage
Bastion,Silver,3.09,1.35,49.08,19.46,7.98,50,8830,,8.31,,,,,,,,,23,,,,,11.01,2.10,,,,,,,,,,,,,,,,,,,,,,,,,,,,,,,,,,881.71,,,,,,,,,,,,,,,,,,,,,,,,,,,,,,,,,,,,,,,,,9.77,11.64,4.51,0.95,,,,,,,,,,,,,,,,,,,,,,,,,,,,,,Damage
Bastion,Gold,3.20,1.31,49.10,19.75,7.95,50,9027,,8.23,,,,,,,,,23,,,,,11.24,2.13,,,,,,,,,,,,,,,,,,,,,,,,,,,,,,,,,,909.58,,,,,,,,,,,,,,,,,,,,,,,,,,,,,,,,,,,,,,,,,10.03,11.85,4.68,0.91,,,,,,,,,,,,,,,,,,,,,,,,,,,,,,Damage
Bastion,Platinum,3.22,1.44,49.55,19.85,7.89,49,9084,,8.20,,,,,,,,,23,,,,,11.35,2.17,,,,,,,,,,,,,,,,,,,,,,,,,,,,,,,,,,938.68,,,,,,,,,,,,,,,,,,,,,,,,,,,,,,,,,,,,,,,,,10.14,11.90,4.76,0.91,,,,,,,,,,,,,,,,,,,,,,,,,,,,,,Damage
Bastion,Diamond,3.15,1.50,49.47,19.68,7.84,49,8984,,8.25,,,,,,,,,23,,,,,11.27,2.19,,,,,,,,,,,,,,,,,,,,,,,,,,,,,,,,,,950.40,,,,,,,,,,,,,,,,,,,,,,,,,,,,,,,,,,,,,,,,,10.00,11.78,4.68,0.92,,,,,,,,,,,,,,,,,,,,,,,,,,,,,,Damage
Bastion,Master,3.11,1.47,49.56,19.54,7.82,49,8878,,8.27,,,,,,,,,23,,,,,11.17,2.19,,,,,,,,,,,,,,,,,,,,,,,,,,,,,,,,,,964.22,,,,,,,,,,,,,,,,,,,,,,,,,,,,,,,,,,,,,,,,,9.91,11.65,4.62,0.91,,,,,,,,,,,,,,,,,,,,,,,,,,,,,,Damage
Bastion,Grandmaster,3.07,1.49,49.73,19.49,7.80,49,8836,,8.28,,,,,,,,,23,,,,,11.13,2.20,,,,,,,,,,,,,,,,,,,,,,,,,,,,,,,,,,966.38,,,,,,,,,,,,,,,,,,,,,,,,,,,,,,,,,,,,,,,,,9.85,11.60,4.60,0.92,,,,,,,,,,,,,,,,,,,,,,,,,,,,,,Damage
Mei,All,4.13,1.55,48.65,17.60,7.22,76,5754,,7.38,,,,,,,,,42,,,,,7.24,1.46,,,,,,,,,,,,,,,,,,,,,,,,,,,,,,,,,,960.78,,,,,,,,,,,,,,,,,,,,,,,,,,,,,,,,,,,,,,,,,,,,,27,16,8.41,3.42,,,,,,,,,,,,,,,,,,,,,,,,,,Damage
Mei,Bronze,3.85,1.54,49.36,16.85,7.20,79,5389,,7.51,,,,,,,,,40,,,,,6.81,1.40,,,,,,,,,,,,,,,,,,,,,,,,,,,,,,,,,,957.93,,,,,,,,,,,,,,,,,,,,,,,,,,,,,,,,,,,,,,,,,,,,,26,15,8.35,3.28,,,,,,,,,,,,,,,,,,,,,,,,,,Damage
Mei,Silver,4.01,1.51,49.39,17.16,7.28,79,5507,,7.45,,,,,,,,,41,,,,,6.93,1.41,,,,,,,,,,,,,,,,,,,,,,,,,,,,,,,,,,962.86,,,,,,,,,,,,,,,,,,,,,,,,,,,,,,,,,,,,,,,,,,,,,27,15,8.50,3.34,,,,,,,,,,,,,,,,,,,,,,,,,,Damage
Mei,Gold,4.06,1.49,49.09,17.50,7.24,76,5647,,7.40,,,,,,,,,42,,,,,7.13,1.45,,,,,,,,,,,,,,,,,,,,,,,,,,,,,,,,,,956.55,,,,,,,,,,,,,,,,,,,,,,,,,,,,,,,,,,,,,,,,,,,,,27,16,8.70,3.40,,,,,,,,,,,,,,,,,,,,,,,,,,Damage
Mei,Platinum,4.02,1.63,49.22,17.48,7.13,75,5667,,7.39,,,,,,,,,41,,,,,7.17,1.48,,,,,,,,,,,,,,,,,,,,,,,,,,,,,,,,,,951.68,,,,,,,,,,,,,,,,,,,,,,,,,,,,,,,,,,,,,,,,,,,,,27,16,8.68,3.39,,,,,,,,,,,,,,,,,,,,,,,,,,Damage
Mei,Diamond,3.94,1.68,49.16,17.30,7.07,75,5590,,7.42,,,,,,,,,41,,,,,7.08,1.48,,,,,,,,,,,,,,,,,,,,,,,,,,,,,,,,,,949.65,,,,,,,,,,,,,,,,,,,,,,,,,,,,,,,,,,,,,,,,,,,,,27,15,8.67,3.35,,,,,,,,,,,,,,,,,,,,,,,,,,Damage
Mei,Master,3.87,1.68,49.29,17.17,7.09,75,5503,,7.45,,,,,,,,,40,,,,,7.00,1.48,,,,,,,,,,,,,,,,,,,,,,,,,,,,,,,,,,947.79,,,,,,,,,,,,,,,,,,,,,,,,,,,,,,,,,,,,,,,,,,,,,27,15,8.74,3.33,,,,,,,,,,,,,,,,,,,,,,,,,,Damage
Mei,Grandmaster,3.86,1.71,49.44,17.14,7.10,75,5469,,7.46,,,,,,,,,40,,,,,6.96,1.48,,,,,,,,,,,,,,,,,,,,,,,,,,,,,,,,,,948.46,,,,,,,,,,,,,,,,,,,,,,,,,,,,,,,,,,,,,,,,,,,,,27,15,8.78,3.33,,,,,,,,,,,,,,,,,,,,,,,,,,Damage
Torbjorn,All,3.47,1.35,53.73,19.67,7.74,43,8879,,6.72,,,,,,,,,26,7,,,,9.18,2.03,,,,,,,,,,,,,,,,,,,,,,,,,,,,,,,,,,,,,,,,,,,,,,,,,,,,,,,,,,,,,,,,,,,,,,,,,,,,,,,,,,,2.56,11.86,2.85,,,,,,,,,,,,,,,,,,,,,,,Damage
Torbjorn,Bronze,3.33,1.41,55.31,19.28,7.85,43,8514,,6.79,,,,,,,,,24,7,,,,8.87,2.02,,,,,,,,,,,,,,,,,,,,,,,,,,,,,,,,,,,,,,,,,,,,,,,,,,,,,,,,,,,,,,,,,,,,,,,,,,,,,,,,,,,2.65,12.15,2.76,,,,,,,,,,,,,,,,,,,,,,,Damage
Torbjorn,Silver,3.39,1.35,55.07,19.44,7.87,44,8637,,6.75,,,,,,,,,25,7,,,,8.96,2.02,,,,,,,,,,,,,,,,,,,,,,,,,,,,,,,,,,,,,,,,,,,,,,,,,,,,,,,,,,,,,,,,,,,,,,,,,,,,,,,,,,,2.61,12.11,2.79,,,,,,,,,,,,,,,,,,,,,,,Damage
Torbjorn,Gold,3.46,1.31,54.76,19.66,7.79,42,8800,,6.68,,,,,,,,,26,7,,,,9.08,2.02,,,,,,,,,,,,,,,,,,,,,,,,,,,,,,,,,,,,,,,,,,,,,,,,,,,,,,,,,,,,,,,,,,,,,,,,,,,,,,,,,,,2.56,12.07,2.85,,,,,,,,,,,,,,,,,,,,,,,Damage
Torbjorn,Platinum,3.45,1.50,55.17,19.69,7.69,42,8856,,6.69,,,,,,,,,26,7,,,,9.12,2.04,,,,,,,,,,,,,,,,,,,,,,,,,,,,,,,,,,,,,,,,,,,,,,,,,,,,,,,,,,,,,,,,,,,,,,,,,,,,,,,,,,,2.96,11.99,2.87,,,,,,,,,,,,,,,,,,,,,,,Damage
Torbjorn,Diamond,3.40,1.56,54.69,19.62,7.69,42,8760,,6.74,,,,,,,,,26,7,,,,9.07,2.05,,,,,,,,,,,,,,,,,,,,,,,,,,,,,,,,,,,,,,,,,,,,,,,,,,,,,,,,,,,,,,,,,,,,,,,,,,,,,,,,,,,3.08,12.02,2.85,,,,,,,,,,,,,,,,,,,,,,,Damage
Torbjorn,Master,3.38,1.57,55.21,19.58,7.70,42,8708,,6.74,,,,,,,,,26,7,,,,9.02,2.05,,,,,,,,,,,,,,,,,,,,,,,,,,,,,,,,,,,,,,,,,,,,,,,,,,,,,,,,,,,,,,,,,,,,,,,,,,,,,,,,,,,3.26,12.11,2.84,,,,,,,,,,,,,,,,,,,,,,,Damage
Torbjorn,Grandmaster,3.36,1.56,55.46,19.53,7.72,42,8671,,6.75,,,,,,,,,25,7,,,,8.99,2.04,,,,,,,,,,,,,,,,,,,,,,,,,,,,,,,,,,,,,,,,,,,,,,,,,,,,,,,,,,,,,,,,,,,,,,,,,,,,,,,,,,,3.29,12.13,2.83,,,,,,,,,,,,,,,,,,,,,,,Damage
Symmetra,All,3.90,1.44,55.19,19.62,8.33,54,7381,,7.62,,,,,,,,,,,,,,9.09,1.82,,,,,,,,32,,,,,,,,,,,,,,,,,,,,,,,,,,,,,,,,,,,,,,,,,,,39,,,,,,,,,,,,,,,,,,,,,,,,,,,,,,,,,,,0.91,13.91,10.35,,,,,,,,,,,,,,,,,,,,Damage
Symmetra,Bronze,3.69,1.49,56.68,18.98,8.40,55,6924,,7.69,,,,,,,,,,,,,,8.58,1.80,,,,,,,,31,,,,,,,,,,,,,,,,,,,,,,,,,,,,,,,,,,,,,,,,,,,38,,,,,,,,,,,,,,,,,,,,,,,,,,,,,,,,,,,0.87,12.23,10.60,,,,,,,,,,,,,,,,,,,,Damage
Symmetra,Silver,3.79,1.44,56.27,19.33,8.46,55,7115,,7.67,,,,,,,,,,,,,,8.81,1.80,,,,,,,,32,,,,,,,,,,,,,,,,,,,,,,,,,,,,,,,,,,,,,,,,,,,38,,,,,,,,,,,,,,,,,,,,,,,,,,,,,,,,,,,0.87,12.59,10.56,,,,,,,,,,,,,,,,,,,,Damage
Symmetra,Gold,3.85,1.44,56.13,19.51,8.33,53,7300,,7.64,,,,,,,,,,,,,,8.98,1.81,,,,,,,,32,,,,,,,,,,,,,,,,,,,,,,,,,,,,,,,,,,,,,,,,,,,40,,,,,,,,,,,,,,,,,,,,,,,,,,,,,,,,,,,0.85,13.54,10.38,,,,,,,,,,,,,,,,,,,,Damage
Symmetra,Platinum,3.83,1.57,56.57,19.52,8.23,53,7328,,7.63,,,,,,,,,,,,,,9.03,1.84,,,,,,,,32,,,,,,,,,,,,,,,,,,,,,,,,,,,,,,,,,,,,,,,,,,,40,,,,,,,,,,,,,,,,,,,,,,,,,,,,,,,,,,,0.86,14.07,10.28,,,,,,,,,,,,,,,,,,,,Damage
Symmetra,Diamond,3.76,1.64,56.33,19.34,8.19,52,7216,,7.65,,,,,,,,,,,,,,8.92,1.85,,,,,,,,32,,,,,,,,,,,,,,,,,,,,,,,,,,,,,,,,,,,,,,,,,,,40,,,,,,,,,,,,,,,,,,,,,,,,,,,,,,,,,,,0.84,13.96,10.29,,,,,,,,,,,,,,,,,,,,Damage
Symmetra,Master,3.70,1.66,56.77,19.19,8.19,52,7110,,7.66,,,,,,,,,,,,,,8.78,1.84,,,,,,,,32,,,,,,,,,,,,,,,,,,,,,,,,,,,,,,,,,,,,,,,,,,,39,,,,,,,,,,,,,,,,,,,,,,,,,,,,,,,,,,,0.82,13.67,10.32,,,,,,,,,,,,,,,,,,,,Damage
Symmetra,Grandmaster,3.68,1.71,56.90,19.16,8.22,53,7072,,7.67,,,,,,,,,,,,,,8.75,1.84,,,,,,,,31,,,,,,,,,,,,,,,,,,,,,,,,,,,,,,,,,,,,,,,,,,,39,,,,,,,,,,,,,,,,,,,,,,,,,,,,,,,,,,,0.81,13.48,10.38,,,,,,,,,,,,,,,,,,,,Damage
Sombra,All,4.83,1.59,43.17,15.60,5.48,43,4569,,6.70,,,,,,,,,33,,,,,6.56,1.64,,,,,,,,,,,,,,,,,,,,,,,,,,,,,,,,,,,,,,,,,,,,,,,,,,,,,,,,,,,,,,,,,,,,,,,,,,,,,,,,,,,,,,,,,23.99,0.82,3.59,,,,,,,,,,,,,,,,,Damage
Sombra,Bronze,4.28,1.64,43.85,14.58,5.29,44,4179,,6.99,,,,,,,,,32,,,,,6.06,1.59,,,,,,,,,,,,,,,,,,,,,,,,,,,,,,,,,,,,,,,,,,,,,,,,,,,,,,,,,,,,,,,,,,,,,,,,,,,,,,,,,,,,,,,,,22.41,0.80,3.27,,,,,,,,,,,,,,,,,Damage
Sombra,Silver,4.48,1.53,43.70,14.88,5.38,44,4277,,6.88,,,,,,,,,32,,,,,6.18,1.59,,,,,,,,,,,,,,,,,,,,,,,,,,,,,,,,,,,,,,,,,,,,,,,,,,,,,,,,,,,,,,,,,,,,,,,,,,,,,,,,,,,,,,,,,23.08,0.78,3.36,,,,,,,,,,,,,,,,,Damage
Sombra,Gold,4.74,1.55,43.66,15.43,5.50,44,4469,,6.76,,,,,,,,,33,,,,,6.44,1.62,,,,,,,,,,,,,,,,,,,,,,,,,,,,,,,,,,,,,,,,,,,,,,,,,,,,,,,,,,,,,,,,,,,,,,,,,,,,,,,,,,,,,,,,,23.54,0.75,3.56,,,,,,,,,,,,,,,,,Damage
Sombra,Platinum,4.74,1.88,43.97,15.59,5.47,43,4554,,6.74,,,,,,,,,33,,,,,6.55,1.66,,,,,,,,,,,,,,,,,,,,,,,,,,,,,,,,,,,,,,,,,,,,,,,,,,,,,,,,,,,,,,,,,,,,,,,,,,,,,,,,,,,,,,,,,23.51,0.77,3.63,,,,,,,,,,,,,,,,,Damage
Sombra,Diamond,4.65,1.93,43.93,15.49,5.44,43,4512,,6.79,,,,,,,,,33,,,,,6.54,1.69,,,,,,,,,,,,,,,,,,,,,,,,,,,,,,,,,,,,,,,,,,,,,,,,,,,,,,,,,,,,,,,,,,,,,,,,,,,,,,,,,,,,,,,,,23.14,0.77,3.62,,,,,,,,,,,,,,,,,Damage
Sombra,Master,4.51,2.00,44.16,15.30,5.41,43,4435,,6.84,,,,,,,,,33,,,,,6.44,1.67,,,,,,,,,,,,,,,,,,,,,,,,,,,,,,,,,,,,,,,,,,,,,,,,,,,,,,,,,,,,,,,,,,,,,,,,,,,,,,,,,,,,,,,,,22.81,0.76,3.56,,,,,,,,,,,,,,,,,Damage
Sombra,Grandmaster,4.45,1.98,44.27,15.20,5.40,44,4388,,6.88,,,,,,,,,33,,,,,6.38,1.67,,,,,,,,,,,,,,,,,,,,,,,,,,,,,,,,,,,,,,,,,,,,,,,,,,,,,,,,,,,,,,,,,,,,,,,,,,,,,,,,,,,,,,,,,22.65,0.76,3.52,,,,,,,,,,,,,,,,,Damage
Ramattra,All,4.45,0.92,51.53,20.03,8.05,110,9232,,6.63,,,,,,,,,25,,,,,,,,,,,,,,,,,,,70,,,,,,,,,,,,,,,,,,,,,,,,,,,,,,,,,,,,,,,,,,,,,,,,,,,,,,,,,,,,,,,,,,,,,,,,,,,,,,,59,12.33,6.03,5.38,,,,,,,,,,,,,Tank
Ramattra,Bronze,4.17,0.68,50.93,19.35,8.17,114,8771,,6.72,,,,,,,,,24,,,,,,,,,,,,,,,,,,,72,,,,,,,,,,,,,,,,,,,,,,,,,,,,,,,,,,,,,,,,,,,,,,,,,,,,,,,,,,,,,,,,,,,,,,,,,,,,,,,57,11.58,5.68,5.09,,,,,,,,,,,,,Tank
Ramattra,Silver,4.28,0.75,51.30,19.64,8.24,114,8933,,6.67,,,,,,,,,24,,,,,,,,,,,,,,,,,,,72,,,,,,,,,,,,,,,,,,,,,,,,,,,,,,,,,,,,,,,,,,,,,,,,,,,,,,,,,,,,,,,,,,,,,,,,,,,,,,,58,11.84,5.77,5.21,,,,,,,,,,,,,Tank
Ramattra,Gold,4.36,0.80,51.32,19.86,8.09,112,9167,,6.62,,,,,,,,,25,,,,,,,,,,,,,,,,,,,70,,,,,,,,,,,,,,,,,,,,,,,,,,,,,,,,,,,,,,,,,,,,,,,,,,,,,,,,,,,,,,,,,,,,,,,,,,,,,,,59,12.15,5.96,5.34,,,,,,,,,,,,,Tank
Ramattra,Platinum,4.39,0.79,51.06,19.88,7.92,109,9265,,6.63,,,,,,,,,25,,,,,,,,,,,,,,,,,,,69,,,,,,,,,,,,,,,,,,,,,,,,,,,,,,,,,,,,,,,,,,,,,,,,,,,,,,,,,,,,,,,,,,,,,,,,,,,,,,,60,12.30,6.05,5.37,,,,,,,,,,,,,Tank
Ramattra,Diamond,4.34,0.73,51.47,19.75,7.91,110,9172,,6.62,,,,,,,,,25,,,,,,,,,,,,,,,,,,,69,,,,,,,,,,,,,,,,,,,,,,,,,,,,,,,,,,,,,,,,,,,,,,,,,,,,,,,,,,,,,,,,,,,,,,,,,,,,,,,59,12.16,5.99,5.30,,,,,,,,,,,,,Tank
Ramattra,Master,4.28,0.71,51.36,19.65,7.94,111,9100,,6.63,,,,,,,,,25,,,,,,,,,,,,,,,,,,,70,,,,,,,,,,,,,,,,,,,,,,,,,,,,,,,,,,,,,,,,,,,,,,,,,,,,,,,,,,,,,,,,,,,,,,,,,,,,,,,59,12.03,5.94,5.25,,,,,,,,,,,,,Tank
Ramattra,Grandmaster,4.26,0.68,51.39,19.57,7.98,112,9040,,6.64,,,,,,,,,25,,,,,,,,,,,,,,,,,,,70,,,,,,,,,,,,,,,,,,,,,,,,,,,,,,,,,,,,,,,,,,,,,,,,,,,,,,,,,,,,,,,,,,,,,,,,,,,,,,,58,11.94,5.90,5.21,,,,,,,,,,,,,Tank
Wrecking Ball,All,5.56,1.48,51.66,16.87,7.02,99,6772,,6.65,,,,,,,,,33,5,,,,,,,,,,,,,,,,,,82,,,,,,,,,,,,,,,,,,,,,,,,,,,,,,,,,,,,,,,,,,,,,,,,,,,,,,,,,,,,,,,,,,,,,,,,,,,,,,,,,,,5.68,5.10,—,,,,,,,,,,Tank
Wrecking Ball,Bronze,4.71,1.36,51.73,15.77,7.00,103,6233,,7.01,,,,,,,,,31,5,,,,,,,,,,,,,,,,,,86,,,,,,,,,,,,,,,,,,,,,,,,,,,,,,,,,,,,,,,,,,,,,,,,,,,,,,,,,,,,,,,,,,,,,,,,,,,,,,,,,,,4.89,4.51,—,,,,,,,,,,Tank
Wrecking Ball,Silver,4.87,1.29,51.64,15.98,7.08,104,6366,,6.91,,,,,,,,,31,5,,,,,,,,,,,,,,,,,,86,,,,,,,,,,,,,,,,,,,,,,,,,,,,,,,,,,,,,,,,,,,,,,,,,,,,,,,,,,,,,,,,,,,,,,,,,,,,,,,,,,,4.96,4.58,—,,,,,,,,,,Tank
Wrecking Ball,Gold,5.25,1.44,51.71,16.47,7.07,101,6580,,6.77,,,,,,,,,32,5,,,,,,,,,,,,,,,,,,85,,,,,,,,,,,,,,,,,,,,,,,,,,,,,,,,,,,,,,,,,,,,,,,,,,,,,,,,,,,,,,,,,,,,,,,,,,,,,,,,,,,5.32,4.83,—,,,,,,,,,,Tank
Wrecking Ball,Platinum,5.47,1.70,51.96,16.83,7.00,98,6732,,6.67,,,,,,,,,33,4,,,,,,,,,,,,,,,,,,82,,,,,,,,,,,,,,,,,,,,,,,,,,,,,,,,,,,,,,,,,,,,,,,,,,,,,,,,,,,,,,,,,,,,,,,,,,,,,,,,,,,5.66,5.05,—,,,,,,,,,,Tank
Wrecking Ball,Diamond,5.44,1.79,52.05,16.89,6.98,97,6738,,6.65,,,,,,,,,33,4,,,,,,,,,,,,,,,,,,82,,,,,,,,,,,,,,,,,,,,,,,,,,,,,,,,,,,,,,,,,,,,,,,,,,,,,,,,,,,,,,,,,,,,,,,,,,,,,,,,,,,5.76,5.11,—,,,,,,,,,,Tank
Wrecking Ball,Master,5.39,1.80,52.43,16.85,6.95,97,6690,,6.66,,,,,,,,,33,4,,,,,,,,,,,,,,,,,,82,,,,,,,,,,,,,,,,,,,,,,,,,,,,,,,,,,,,,,,,,,,,,,,,,,,,,,,,,,,,,,,,,,,,,,,,,,,,,,,,,,,5.74,5.09,—,,,,,,,,,,Tank
Wrecking Ball,Grandmaster,5.29,1.72,52.52,16.74,6.96,98,6631,,6.71,,,,,,,,,32,5,,,,,,,,,,,,,,,,,,83,,,,,,,,,,,,,,,,,,,,,,,,,,,,,,,,,,,,,,,,,,,,,,,,,,,,,,,,,,,,,,,,,,,,,,,,,,,,,,,,,,,5.65,5.04,—,,,,,,,,,,Tank
Junker Queen,All,5.33,0.88,51.87,20.15,7.75,107,8730,,6.61,,,,,,,,,35,,,,,,,,,,,,,,,,,,,71,,,,,,,,,,,,,,,,,,,,,,,,,,,,,,,,,,,,,,,,,,,,,,,,,,,,,,,,,,,,,,,,,,,,,,,,,,,,,,,,,,,,,,31,7.25,18,3.54,,,,,,Tank
Junker Queen,Bronze,4.94,0.57,50.16,18.81,7.76,114,8048,,6.72,,,,,,,,,34,,,,,,,,,,,,,,,,,,,75,,,,,,,,,,,,,,,,,,,,,,,,,,,,,,,,,,,,,,,,,,,,,,,,,,,,,,,,,,,,,,,,,,,,,,,,,,,,,,,,,,,,,,31,6.68,17,3.24,,,,,,Tank
Junker Queen,Silver,5.05,0.64,50.73,19.18,7.85,114,8206,,6.68,,,,,,,,,34,,,,,,,,,,,,,,,,,,,75,,,,,,,,,,,,,,,,,,,,,,,,,,,,,,,,,,,,,,,,,,,,,,,,,,,,,,,,,,,,,,,,,,,,,,,,,,,,,,,,,,,,,,31,6.83,18,3.32,,,,,,Tank
Junker Queen,Gold,5.21,0.74,51.31,19.76,7.81,110,8559,,6.63,,,,,,,,,35,,,,,,,,,,,,,,,,,,,73,,,,,,,,,,,,,,,,,,,,,,,,,,,,,,,,,,,,,,,,,,,,,,,,,,,,,,,,,,,,,,,,,,,,,,,,,,,,,,,,,,,,,,31,7.11,18,3.46,,,,,,Tank
Junker Queen,Platinum,5.32,0.76,51.27,20.04,7.69,107,8759,,6.61,,,,,,,,,35,,,,,,,,,,,,,,,,,,,71,,,,,,,,,,,,,,,,,,,,,,,,,,,,,,,,,,,,,,,,,,,,,,,,,,,,,,,,,,,,,,,,,,,,,,,,,,,,,,,,,,,,,,31,7.22,18,3.53,,,,,,Tank
Junker Queen,Diamond,5.26,0.69,50.96,19.83,7.66,108,8661,,6.62,,,,,,,,,35,,,,,,,,,,,,,,,,,,,71,,,,,,,,,,,,,,,,,,,,,,,,,,,,,,,,,,,,,,,,,,,,,,,,,,,,,,,,,,,,,,,,,,,,,,,,,,,,,,,,,,,,,,31,7.11,18,3.48,,,,,,Tank
Junker Queen,Master,5.20,0.65,50.90,19.62,7.65,109,8552,,6.63,,,,,,,,,35,,,,,,,,,,,,,,,,,,,72,,,,,,,,,,,,,,,,,,,,,,,,,,,,,,,,,,,,,,,,,,,,,,,,,,,,,,,,,,,,,,,,,,,,,,,,,,,,,,,,,,,,,,31,7.01,18,3.44,,,,,,Tank
Junker Queen,Grandmaster,5.17,0.62,50.98,19.50,7.67,110,8466,,6.63,,,,,,,,,34,,,,,,,,,,,,,,,,,,,72,,,,,,,,,,,,,,,,,,,,,,,,,,,,,,,,,,,,,,,,,,,,,,,,,,,,,,,,,,,,,,,,,,,,,,,,,,,,,,,,,,,,,,31,6.97,18,3.41,,,,,,Tank
Echo,All,3.02,0.93,50.12,19.49,6.76,55,8289,,7.88,,,,,,,,,26,,,,,10.43,1.93,,,,,,,,,,,,,,,,,,,,,,,,,,,,,,,,,,,,,,,,,,,,,,,,,,,,,,,,,,,,,,,,,,,,,,,,,,,,,,,,,,,,,,,,,,,,,,,,,,,,,,,38.11,7.54,26,8.88,3.67,Damage
Echo,Bronze,2.72,0.76,49.09,18.11,6.75,58,7693,,8.13,,,,,,,,,24,,,,,9.31,1.75,,,,,,,,,,,,,,,,,,,,,,,,,,,,,,,,,,,,,,,,,,,,,,,,,,,,,,,,,,,,,,,,,,,,,,,,,,,,,,,,,,,,,,,,,,,,,,,,,,,,,,,36.88,6.66,25,8.19,3.32,Damage
Echo,Silver,2.81,0.76,49.44,18.51,6.83,58,7846,,8.02,,,,,,,,,25,,,,,9.61,1.81,,,,,,,,,,,,,,,,,,,,,,,,,,,,,,,,,,,,,,,,,,,,,,,,,,,,,,,,,,,,,,,,,,,,,,,,,,,,,,,,,,,,,,,,,,,,,,,,,,,,,,,37.08,6.92,25,8.42,3.39,Damage
Echo,Gold,2.92,0.79,49.60,19.15,6.83,57,8165,,7.91,,,,,,,,,25,,,,,10.08,1.86,,,,,,,,,,,,,,,,,,,,,,,,,,,,,,,,,,,,,,,,,,,,,,,,,,,,,,,,,,,,,,,,,,,,,,,,,,,,,,,,,,,,,,,,,,,,,,,,,,,,,,,38.16,7.30,26,8.70,3.58,Damage
Echo,Platinum,3.00,0.90,49.92,19.42,6.76,55,8318,,7.86,,,,,,,,,26,,,,,10.31,1.90,,,,,,,,,,,,,,,,,,,,,,,,,,,,,,,,,,,,,,,,,,,,,,,,,,,,,,,,,,,,,,,,,,,,,,,,,,,,,,,,,,,,,,,,,,,,,,,,,,,,,,,38.68,7.38,26,8.78,3.68,Damage
Echo,Diamond,2.97,0.92,50.22,19.33,6.71,55,8316,,7.91,,,,,,,,,26,,,,,10.27,1.89,,,,,,,,,,,,,,,,,,,,,,,,,,,,,,,,,,,,,,,,,,,,,,,,,,,,,,,,,,,,,,,,,,,,,,,,,,,,,,,,,,,,,,,,,,,,,,,,,,,,,,,38.91,7.31,26,8.74,3.70,Damage
Echo,Master,2.93,0.89,50.25,19.19,6.70,55,8255,,7.94,,,,,,,,,25,,,,,10.16,1.87,,,,,,,,,,,,,,,,,,,,,,,,,,,,,,,,,,,,,,,,,,,,,,,,,,,,,,,,,,,,,,,,,,,,,,,,,,,,,,,,,,,,,,,,,,,,,,,,,,,,,,,38.84,7.20,26,8.64,3.68,Damage
Echo,Grandmaster,2.90,0.85,50.45,19.12,6.73,56,8225,,7.96,,,,,,,,,25,,,,,10.09,1.85,,,,,,,,,,,,,,,,,,,,,,,,,,,,,,,,,,,,,,,,,,,,,,,,,,,,,,,,,,,,,,,,,,,,,,,,,,,,,,,,,,,,,,,,,,,,,,,,,,,,,,,38.77,7.12,26,8.60,3.66,Damage
