Hero,Skill Tier,KDA Ratio,"Pick Rate, %","Win Rate, %",Eliminations / 10min,Objective Kills / 10min,Objective Time / 10min,Damage / 10min,Healing / 10min,Deaths / 10min,"Scoped Accuracy, %",Biotic Grenade Kills / 10min,Enemies Slept / 10min,Healing Amplified / 10min,Nano Boost Assists / 10min,Blaster Kills / 10min,Damage Amplified / 10min,Players Resurrected / 10min,"Weapon Accuracy, %","Crit Accuracy, %",Kunai Kills / 10min,Effects Cleansed / 10min,Kitsune Rush Assists / 10min,Final Blows / 10min,Solo Kills / 10min,Swift Strike Resets / 10min,Damage Reflected / 10min,Ultimates Reflected / 10min,Dragonblade Kills / 10min,Ultimates Reflected,Deadeye Kills / 10min,Magnetic Grenade Attaches,Magnetic Grenade Kills / 10min,"Secondary Accuracy, %",Biotic Orb Kills / 10min,"Ally Coalescence Efficiency, %","Enemy Coalescence Efficiency, %",Coalescence Kills / 10min,Objective Contest Time / 10min,Charge Kills / 10min,Fire Strike Kills / 10min,Earthshatter Kills / 10min,Scoped Crits,Recon Assists / 10min,Venom Mine Kills / 10min,Knockbacks / 10min,Sound Barriers / 10min,"Helix Rocket Accuracy, %",Long Range Kills / 10min,Helix Rocket Kills / 10min,Tactical Visor Kills / 10min,Storm Arrow Kills / 10min,Dragonstrike Kills / 10min,"Charged Volley Accuracy, %",Charged Volley Kills / 10min,Transcendence Healing / 10min,"Micro Missile Kills, % / 10min",Call Mech Kills / 10min,Self-Destruct Kills / 10min,Self Healing / 10min,Chain Hook Kills / 10min,"Chain Hook Accuracy, %",Whole Hog Kills / 10min,Direct Hits,Concussion Mine Kills / 10min,Enemies Trapped / 10min,Rip Tire Kills,Low Health Recalls / 10min,Pulse Bombs Stuck / 10min,Pulse Bomb Kills / 10min,Coach Gun Kills / 10min,Dynamite Kills / 10min,Bob Kills / 10min,Energy Javelin Kills / 10min,Javelin Spin Kills,Terra Surge Kills / 10min,"Primary Accuracy, %",High Energy Kills / 10min,"Average Energy, %",Graviton Surge Kills / 10min,Death Blossom Kills / 10min,"Charged Shot Accuracy, %","Charged Crit Accuracy, %",Charged Shot Kills / 10min,Disruptor Shot Kills / 10min,Overclock Kills / 10min,"Airtime, %",Barrage Kills / 10min,Healing Accuracy,Deaths Prevented / 10min,Amp Matrix Assists / 10min,Jump Pack Kills / 10min,Primal Rage Kills / 10min,Accretion Kills / 10min,Overhealth / 10min,Gravitic Flux Kills / 10min,Rocket Punch Kills / 10min,Seismic Slam Kills / 10min,Meteor Strike Kills / 10min,Inspire Uptime,Self Healing,Recon Kills / 10min,Assault Kills / 10min,Tactical Grenade Kills / 10min,Artillery Kills / 10min,"Icicle Accuracy, % / 10min","Icicle Crit Accuracy, % / 10min",Enemies Frozen / 10min,Blizzard Kills / 10min,Hammer Kills / 10min,Turret Kills / 10min,Molten Core Kills / 10min,Average Damage Multiplier,Players Teleported / 10min,Sentry Turret Kills / 10min,Enemies Hacked / 10min,Low Health Teleports / 10min,EMP Kills / 10min,Grappling Claw Kills / 10min,Piledriver Kills / 10min,Minefield Kills,"Jagged Blade Accuracy, %",Carnage Kills / 10min,"Wound Uptime, %",Rampage Kills / 10min,"Focusing Beam Accuracy, %",Focusing Beam Kills / 10min,"Sticky Bomb Accuracy, %",Sticky Bomb Kills / 10min,Duplicate Kills / 10min,Role
Ana,All,3.60,8.66,49.73,8.45,3.83,65,2357,7648,6.66,54,4.15,4.60,356.26,2.96,,,,,,,,,,,,,,,,,,,,,,,,,,,,,,,,,,,,,,,,,,,,,,,,,,,,,,,,,,,,,,,,,,,,,,,,,,,,,,,,,,,,,,,,,,,,,,,,,,,,,,,,,,,,,,,,,,,,Support
Ana,Bronze,3.35,8.09,46.03,7.88,3.85,65,2269,7363,6.96,53,3.99,4.60,348.29,2.80,,,,,,,,,,,,,,,,,,,,,,,,,,,,,,,,,,,,,,,,,,,,,,,,,,,,,,,,,,,,,,,,,,,,,,,,,,,,,,,,,,,,,,,,,,,,,,,,,,,,,,,,,,,,,,,,,,,,Support
Ana,Silver,3.42,6.00,46.19,8.13,3.80,65,2314,7443,6.94,52,4.07,4.70,362.12,2.82,,,,,,,,,,,,,,,,,,,,,,,,,,,,,,,,,,,,,,,,,,,,,,,,,,,,,,,,,,,,,,,,,,,,,,,,,,,,,,,,,,,,,,,,,,,,,,,,,,,,,,,,,,,,,,,,,,,,Support
Ana,Gold,3.59,8.40,49.40,8.39,3.90,65,2327,7710,6.75,54,4.22,4.61,358.21,2.97,,,,,,,,,,,,,,,,,,,,,,,,,,,,,,,,,,,,,,,,,,,,,,,,,,,,,,,,,,,,,,,,,,,,,,,,,,,,,,,,,,,,,,,,,,,,,,,,,,,,,,,,,,,,,,,,,,,,Support
Ana,Platinum,3.49,6.59,46.78,8.08,3.96,67,2238,7734,6.87,53,4.24,4.69,367.58,2.90,,,,,,,,,,,,,,,,,,,,,,,,,,,,,,,,,,,,,,,,,,,,,,,,,,,,,,,,,,,,,,,,,,,,,,,,,,,,,,,,,,,,,,,,,,,,,,,,,,,,,,,,,,,,,,,,,,,,Support
Ana,Diamond,3.42,6.35,44.58,7.93,3.86,67,2246,7666,6.95,53,4.13,4.70,355.81,2.96,,,,,,,,,,,,,,,,,,,,,,,,,,,,,,,,,,,,,,,,,,,,,,,,,,,,,,,,,,,,,,,,,,,,,,,,,,,,,,,,,,,,,,,,,,,,,,,,,,,,,,,,,,,,,,,,,,,,Support
Ana,Master,3.37,6.21,44.10,7.83,3.79,66,2236,7633,7.00,53,4.08,4.68,359.82,2.89,,,,,,,,,,,,,,,,,,,,,,,,,,,,,,,,,,,,,,,,,,,,,,,,,,,,,,,,,,,,,,,,,,,,,,,,,,,,,,,,,,,,,,,,,,,,,,,,,,,,,,,,,,,,,,,,,,,,Support
Ana,Grandmaster,3.37,5.57,42.50,7.87,3.88,66,2237,7560,7.03,52,4.12,4.70,360.14,2.85,,,,,,,,,,,,,,,,,,,,,,,,,,,,,,,,,,,,,,,,,,,,,,,,,,,,,,,,,,,,,,,,,,,,,,,,,,,,,,,,,,,,,,,,,,,,,,,,,,,,,,,,,,,,,,,,,,,,Support
Mercy,All,3.31,9.14,51.00,1.82,0.81,55,289,8833,7.28,,,,,,1.79,799.05,4.18,,,,,,,,,,,,,,,,,,,,,,,,,,,,,,,,,,,,,,,,,,,,,,,,,,,,,,,,,,,,,,,,,,,,,,,,,,,,,,,,,,,,,,,,,,,,,,,,,,,,,,,,,,,,,,,,,Support
Mercy,Bronze,2.98,7.14,44.11,1.77,0.88,59,288,8907,7.55,,,,,,1.76,686.16,4.16,,,,,,,,,,,,,,,,,,,,,,,,,,,,,,,,,,,,,,,,,,,,,,,,,,,,,,,,,,,,,,,,,,,,,,,,,,,,,,,,,,,,,,,,,,,,,,,,,,,,,,,,,,,,,,,,,Support
Mercy,Silver,3.17,6.93,46.14,1.94,0.92,59,318,8864,7.44,,,,,,1.92,728.57,4.14,,,,,,,,,,,,,,,,,,,,,,,,,,,,,,,,,,,,,,,,,,,,,,,,,,,,,,,,,,,,,,,,,,,,,,,,,,,,,,,,,,,,,,,,,,,,,,,,,,,,,,,,,,,,,,,,,Support
Mercy,Gold,3.17,6.61,45.94,1.90,0.84,56,287,8914,7.42,,,,,,1.87,745.83,4.21,,,,,,,,,,,,,,,,,,,,,,,,,,,,,,,,,,,,,,,,,,,,,,,,,,,,,,,,,,,,,,,,,,,,,,,,,,,,,,,,,,,,,,,,,,,,,,,,,,,,,,,,,,,,,,,,,Support
Mercy,Platinum,3.22,7.44,47.41,1.77,0.83,58,288,9032,7.38,,,,,,1.75,737.54,4.18,,,,,,,,,,,,,,,,,,,,,,,,,,,,,,,,,,,,,,,,,,,,,,,,,,,,,,,,,,,,,,,,,,,,,,,,,,,,,,,,,,,,,,,,,,,,,,,,,,,,,,,,,,,,,,,,,Support
Mercy,Diamond,3.16,12.88,50.08,1.78,0.82,59,292,8986,7.37,,,,,,1.76,752.39,4.23,,,,,,,,,,,,,,,,,,,,,,,,,,,,,,,,,,,,,,,,,,,,,,,,,,,,,,,,,,,,,,,,,,,,,,,,,,,,,,,,,,,,,,,,,,,,,,,,,,,,,,,,,,,,,,,,,Support
Mercy,Master,3.17,14.62,49.77,1.75,0.80,58,296,9014,7.35,,,,,,1.73,749.94,4.23,,,,,,,,,,,,,,,,,,,,,,,,,,,,,,,,,,,,,,,,,,,,,,,,,,,,,,,,,,,,,,,,,,,,,,,,,,,,,,,,,,,,,,,,,,,,,,,,,,,,,,,,,,,,,,,,,Support
Mercy,Grandmaster,3.07,8.38,44.24,1.83,0.88,60,298,8999,7.49,,,,,,1.82,703.30,4.19,,,,,,,,,,,,,,,,,,,,,,,,,,,,,,,,,,,,,,,,,,,,,,,,,,,,,,,,,,,,,,,,,,,,,,,,,,,,,,,,,,,,,,,,,,,,,,,,,,,,,,,,,,,,,,,,,Support
Kiriko,All,4.51,6.92,50.11,7.59,3.50,73,2144,8244,6.44,,,,,,,,,28,15,7.53,3.29,19.37,,,,,,,,,,,,,,,,,,,,,,,,,,,,,,,,,,,,,,,,,,,,,,,,,,,,,,,,,,,,,,,,,,,,,,,,,,,,,,,,,,,,,,,,,,,,,,,,,,,,,,,,,,,,Support
Kiriko,Bronze,4.26,6.22,47.67,7.08,3.52,73,2027,7721,6.89,,,,,,,,,28,14,7.05,3.34,17.54,,,,,,,,,,,,,,,,,,,,,,,,,,,,,,,,,,,,,,,,,,,,,,,,,,,,,,,,,,,,,,,,,,,,,,,,,,,,,,,,,,,,,,,,,,,,,,,,,,,,,,,,,,,,Support
Kiriko,Silver,4.38,6.58,46.77,7.18,3.45,75,2057,7997,6.65,,,,,,,,,28,15,7.14,3.22,18.85,,,,,,,,,,,,,,,,,,,,,,,,,,,,,,,,,,,,,,,,,,,,,,,,,,,,,,,,,,,,,,,,,,,,,,,,,,,,,,,,,,,,,,,,,,,,,,,,,,,,,,,,,,,,Support
Kiriko,Gold,4.53,7.34,49.76,7.51,3.44,71,2095,8217,6.46,,,,,,,,,28,15,7.47,3.40,18.95,,,,,,,,,,,,,,,,,,,,,,,,,,,,,,,,,,,,,,,,,,,,,,,,,,,,,,,,,,,,,,,,,,,,,,,,,,,,,,,,,,,,,,,,,,,,,,,,,,,,,,,,,,,,Support
Kiriko,Platinum,4.50,6.38,50.18,7.22,3.36,72,2026,7982,6.64,,,,,,,,,28,14,7.18,3.61,18.44,,,,,,,,,,,,,,,,,,,,,,,,,,,,,,,,,,,,,,,,,,,,,,,,,,,,,,,,,,,,,,,,,,,,,,,,,,,,,,,,,,,,,,,,,,,,,,,,,,,,,,,,,,,,Support
Kiriko,Diamond,4.45,5.42,46.44,7.09,3.35,72,2007,8020,6.63,,,,,,,,,28,14,7.05,3.48,18.40,,,,,,,,,,,,,,,,,,,,,,,,,,,,,,,,,,,,,,,,,,,,,,,,,,,,,,,,,,,,,,,,,,,,,,,,,,,,,,,,,,,,,,,,,,,,,,,,,,,,,,,,,,,,Support
Kiriko,Master,4.31,5.52,46.06,6.94,3.30,71,1977,7966,6.73,,,,,,,,,28,14,6.90,3.32,17.59,,,,,,,,,,,,,,,,,,,,,,,,,,,,,,,,,,,,,,,,,,,,,,,,,,,,,,,,,,,,,,,,,,,,,,,,,,,,,,,,,,,,,,,,,,,,,,,,,,,,,,,,,,,,Support
Kiriko,Grandmaster,4.35,5.90,45.98,6.97,3.36,72,1976,7853,6.78,,,,,,,,,28,14,6.93,3.45,17.77,,,,,,,,,,,,,,,,,,,,,,,,,,,,,,,,,,,,,,,,,,,,,,,,,,,,,,,,,,,,,,,,,,,,,,,,,,,,,,,,,,,,,,,,,,,,,,,,,,,,,,,,,,,,Support
Genji,All,2.38,3.92,55.82,17.74,5.57,65,7132,,8.43,,,,,,,,,26,,,,,9.76,1.75,15.04,1669.69,0.08,3.39,,,,,,,,,,,,,,,,,,,,,,,,,,,,,,,,,,,,,,,,,,,,,,,,,,,,,,,,,,,,,,,,,,,,,,,,,,,,,,,,,,,,,,,,,,,,,,,,,,,,,,Damage
Genji,Bronze,2.14,1.74,50.13,15.94,5.50,67,6714,,8.72,,,,,,,,,25,,,,,8.91,1.96,13.64,1607.57,,3.05,—,,,,,,,,,,,,,,,,,,,,,,,,,,,,,,,,,,,,,,,,,,,,,,,,,,,,,,,,,,,,,,,,,,,,,,,,,,,,,,,,,,,,,,,,,,,,,,,,,,,,,Damage
Genji,Silver,2.21,1.83,56.96,16.52,5.48,68,6942,,8.55,,,,,,,,,26,,,,,9.22,1.88,13.57,1698.01,0.17,3.20,,,,,,,,,,,,,,,,,,,,,,,,,,,,,,,,,,,,,,,,,,,,,,,,,,,,,,,,,,,,,,,,,,,,,,,,,,,,,,,,,,,,,,,,,,,,,,,,,,,,,,Damage
Genji,Gold,2.28,4.59,56.05,16.92,5.64,64,6914,,8.59,,,,,,,,,26,,,,,9.36,1.91,14.38,1608.82,0.04,3.27,,,,,,,,,,,,,,,,,,,,,,,,,,,,,,,,,,,,,,,,,,,,,,,,,,,,,,,,,,,,,,,,,,,,,,,,,,,,,,,,,,,,,,,,,,,,,,,,,,,,,,Damage
Genji,Platinum,2.24,3.18,53.98,16.92,5.52,65,7000,,8.68,,,,,,,,,26,,,,,9.48,1.99,14.57,1586.84,0.05,3.22,,,,,,,,,,,,,,,,,,,,,,,,,,,,,,,,,,,,,,,,,,,,,,,,,,,,,,,,,,,,,,,,,,,,,,,,,,,,,,,,,,,,,,,,,,,,,,,,,,,,,,Damage
Genji,Diamond,2.23,2.31,54.49,16.91,5.46,65,7014,,8.66,,,,,,,,,26,,,,,9.48,1.87,14.74,1688.49,0.13,3.25,,,,,,,,,,,,,,,,,,,,,,,,,,,,,,,,,,,,,,,,,,,,,,,,,,,,,,,,,,,,,,,,,,,,,,,,,,,,,,,,,,,,,,,,,,,,,,,,,,,,,,Damage
Genji,Master,2.19,2.82,52.62,16.22,5.47,66,6880,,8.62,,,,,,,,,25,,,,,9.03,1.96,14.05,1597.26,0.09,3.07,,,,,,,,,,,,,,,,,,,,,,,,,,,,,,,,,,,,,,,,,,,,,,,,,,,,,,,,,,,,,,,,,,,,,,,,,,,,,,,,,,,,,,,,,,,,,,,,,,,,,,Damage
Genji,Grandmaster,2.14,1.89,52.59,16.02,5.49,66,6802,,8.74,,,,,,,,,25,,,,,9.00,2.03,13.71,1612.61,,3.08,—,,,,,,,,,,,,,,,,,,,,,,,,,,,,,,,,,,,,,,,,,,,,,,,,,,,,,,,,,,,,,,,,,,,,,,,,,,,,,,,,,,,,,,,,,,,,,,,,,,,,,Damage
Cassidy,All,2.48,2.49,49.91,18.26,7.08,57,7847,,8.51,,,,,,,,,39,9,,,,11.12,2.18,,,,,,2.27,52.36,5.62,,,,,,,,,,,,,,,,,,,,,,,,,,,,,,,,,,,,,,,,,,,,,,,,,,,,,,,,,,,,,,,,,,,,,,,,,,,,,,,,,,,,,,,,,,,,,,,,,,Damage
Cassidy,Bronze,2.35,1.07,37.43,17.08,7.07,64,7515,,9.20,,,,,,,,,37,9,,,,10.62,2.38,,,,,,2.32,49.87,5.70,,,,,,,,,,,,,,,,,,,,,,,,,,,,,,,,,,,,,,,,,,,,,,,,,,,,,,,,,,,,,,,,,,,,,,,,,,,,,,,,,,,,,,,,,,,,,,,,,,Damage
Cassidy,Silver,2.28,1.44,40.30,16.99,6.89,60,7297,,9.18,,,,,,,,,38,9,,,,10.41,2.38,,,,,,2.44,50.92,5.46,,,,,,,,,,,,,,,,,,,,,,,,,,,,,,,,,,,,,,,,,,,,,,,,,,,,,,,,,,,,,,,,,,,,,,,,,,,,,,,,,,,,,,,,,,,,,,,,,,Damage
Cassidy,Gold,2.44,2.83,48.56,18.13,7.30,61,7751,,8.61,,,,,,,,,39,9,,,,11.18,2.21,,,,,,2.27,51.78,5.80,,,,,,,,,,,,,,,,,,,,,,,,,,,,,,,,,,,,,,,,,,,,,,,,,,,,,,,,,,,,,,,,,,,,,,,,,,,,,,,,,,,,,,,,,,,,,,,,,,Damage
Cassidy,Platinum,2.49,2.59,50.93,17.95,7.15,64,7806,,8.79,,,,,,,,,38,9,,,,10.99,2.26,,,,,,2.26,51.98,5.76,,,,,,,,,,,,,,,,,,,,,,,,,,,,,,,,,,,,,,,,,,,,,,,,,,,,,,,,,,,,,,,,,,,,,,,,,,,,,,,,,,,,,,,,,,,,,,,,,,Damage
Cassidy,Diamond,2.47,2.01,41.14,17.75,6.98,57,7777,,8.94,,,,,,,,,38,9,,,,11.07,2.41,,,,,,2.22,51.03,5.76,,,,,,,,,,,,,,,,,,,,,,,,,,,,,,,,,,,,,,,,,,,,,,,,,,,,,,,,,,,,,,,,,,,,,,,,,,,,,,,,,,,,,,,,,,,,,,,,,,Damage
Cassidy,Master,2.48,1.38,37.87,17.32,6.89,63,7676,,8.93,,,,,,,,,38,9,,,,10.68,2.32,,,,,,2.22,49.48,5.60,,,,,,,,,,,,,,,,,,,,,,,,,,,,,,,,,,,,,,,,,,,,,,,,,,,,,,,,,,,,,,,,,,,,,,,,,,,,,,,,,,,,,,,,,,,,,,,,,,Damage
Cassidy,Grandmaster,2.37,1.47,37.31,17.11,7.05,64,7486,,9.20,,,,,,,,,37,9,,,,10.65,2.41,,,,,,2.31,50.05,5.72,,,,,,,,,,,,,,,,,,,,,,,,,,,,,,,,,,,,,,,,,,,,,,,,,,,,,,,,,,,,,,,,,,,,,,,,,,,,,,,,,,,,,,,,,,,,,,,,,,Damage
Moira,All,5.46,9.94,52.02,17.19,8.31,86,4856,8750,6.70,,,,,,,,,,,,,,,,,,,,,,,,48,7.82,45,68,3.62,,,,,,,,,,,,,,,,,,,,,,,,,,,,,,,,,,,,,,,,,,,,,,,,,,,,,,,,,,,,,,,,,,,,,,,,,,,,,,,,,,,,,,,,,,,,,Support
Moira,Bronze,4.93,13.89,49.09,16.07,7.88,87,4761,8428,7.02,,,,,,,,,,,,,,,,,,,,,,,,47,7.54,44,68,3.45,,,,,,,,,,,,,,,,,,,,,,,,,,,,,,,,,,,,,,,,,,,,,,,,,,,,,,,,,,,,,,,,,,,,,,,,,,,,,,,,,,,,,,,,,,,,,Support
Moira,Silver,5.16,12.50,51.75,16.73,8.07,86,4773,8617,6.76,,,,,,,,,,,,,,,,,,,,,,,,47,7.68,45,69,3.55,,,,,,,,,,,,,,,,,,,,,,,,,,,,,,,,,,,,,,,,,,,,,,,,,,,,,,,,,,,,,,,,,,,,,,,,,,,,,,,,,,,,,,,,,,,,,Support
Moira,Gold,5.47,12.49,52.44,16.91,8.22,88,4866,8849,6.65,,,,,,,,,,,,,,,,,,,,,,,,47,7.69,46,67,3.58,,,,,,,,,,,,,,,,,,,,,,,,,,,,,,,,,,,,,,,,,,,,,,,,,,,,,,,,,,,,,,,,,,,,,,,,,,,,,,,,,,,,,,,,,,,,,Support
Moira,Platinum,5.19,11.75,51.90,16.51,7.94,88,4760,8778,6.78,,,,,,,,,,,,,,,,,,,,,,,,47,7.53,45,67,3.49,,,,,,,,,,,,,,,,,,,,,,,,,,,,,,,,,,,,,,,,,,,,,,,,,,,,,,,,,,,,,,,,,,,,,,,,,,,,,,,,,,,,,,,,,,,,,Support
Moira,Diamond,5.10,13.07,51.17,16.31,7.84,87,4782,8694,6.80,,,,,,,,,,,,,,,,,,,,,,,,47,7.59,45,67,3.51,,,,,,,,,,,,,,,,,,,,,,,,,,,,,,,,,,,,,,,,,,,,,,,,,,,,,,,,,,,,,,,,,,,,,,,,,,,,,,,,,,,,,,,,,,,,,Support
Moira,Master,5.11,13.85,51.38,16.32,7.84,87,4774,8715,6.80,,,,,,,,,,,,,,,,,,,,,,,,47,7.54,45,67,3.51,,,,,,,,,,,,,,,,,,,,,,,,,,,,,,,,,,,,,,,,,,,,,,,,,,,,,,,,,,,,,,,,,,,,,,,,,,,,,,,,,,,,,,,,,,,,,Support
Moira,Grandmaster,5.04,15.43,50.99,16.19,7.83,88,4758,8649,6.84,,,,,,,,,,,,,,,,,,,,,,,,46,7.50,45,68,3.47,,,,,,,,,,,,,,,,,,,,,,,,,,,,,,,,,,,,,,,,,,,,,,,,,,,,,,,,,,,,,,,,,,,,,,,,,,,,,,,,,,,,,,,,,,,,,Support
Reinhardt,All,3.02,2.51,53.45,16.28,6.69,131,7583,,7.20,,,,,,,,,,,,,,,,,,,,,,,,,,,,,75,3.72,6.43,3.64,,,,,,,,,,,,,,,,,,,,,,,,,,,,,,,,,,,,,,,,,,,,,,,,,,,,,,,,,,,,,,,,,,,,,,,,,,,,,,,,,,,,,,,,,Tank
Reinhardt,Bronze,2.63,3.39,48.32,14.90,6.49,136,7098,,7.47,,,,,,,,,,,,,,,,,,,,,,,,,,,,,77,3.64,5.91,3.38,,,,,,,,,,,,,,,,,,,,,,,,,,,,,,,,,,,,,,,,,,,,,,,,,,,,,,,,,,,,,,,,,,,,,,,,,,,,,,,,,,,,,,,,,Tank
Reinhardt,Silver,2.78,3.12,51.07,15.75,6.67,135,7362,,7.25,,,,,,,,,,,,,,,,,,,,,,,,,,,,,77,3.72,6.05,3.51,,,,,,,,,,,,,,,,,,,,,,,,,,,,,,,,,,,,,,,,,,,,,,,,,,,,,,,,,,,,,,,,,,,,,,,,,,,,,,,,,,,,,,,,,Tank
Reinhardt,Gold,3.12,2.96,51.96,16.09,6.78,133,7506,,7.16,,,,,,,,,,,,,,,,,,,,,,,,,,,,,77,3.80,6.60,3.67,,,,,,,,,,,,,,,,,,,,,,,,,,,,,,,,,,,,,,,,,,,,,,,,,,,,,,,,,,,,,,,,,,,,,,,,,,,,,,,,,,,,,,,,,Tank
Reinhardt,Platinum,2.80,4.55,52.68,15.51,6.55,133,7452,,7.30,,,,,,,,,,,,,,,,,,,,,,,,,,,,,77,3.67,6.43,3.61,,,,,,,,,,,,,,,,,,,,,,,,,,,,,,,,,,,,,,,,,,,,,,,,,,,,,,,,,,,,,,,,,,,,,,,,,,,,,,,,,,,,,,,,,Tank
Reinhardt,Diamond,2.67,3.47,49.02,14.98,6.42,136,7228,,7.40,,,,,,,,,,,,,,,,,,,,,,,,,,,,,77,3.59,6.08,3.47,,,,,,,,,,,,,,,,,,,,,,,,,,,,,,,,,,,,,,,,,,,,,,,,,,,,,,,,,,,,,,,,,,,,,,,,,,,,,,,,,,,,,,,,,Tank
Reinhardt,Master,2.70,3.61,49.33,15.05,6.51,136,7221,,7.35,,,,,,,,,,,,,,,,,,,,,,,,,,,,,78,3.67,6.10,3.44,,,,,,,,,,,,,,,,,,,,,,,,,,,,,,,,,,,,,,,,,,,,,,,,,,,,,,,,,,,,,,,,,,,,,,,,,,,,,,,,,,,,,,,,,Tank
Reinhardt,Grandmaster,2.70,4.29,49.20,15.07,6.54,136,7214,,7.36,,,,,,,,,,,,,,,,,,,,,,,,,,,,,78,3.67,6.11,3.47,,,,,,,,,,,,,,,,,,,,,,,,,,,,,,,,,,,,,,,,,,,,,,,,,,,,,,,,,,,,,,,,,,,,,,,,,,,,,,,,,,,,,,,,,Tank
Widowmaker,All,2.89,1.11,52.38,16.19,3.84,23,5689,,7.80,44,,,,,,,,,,,,,11.27,4.34,,,,,,,,,,,,,,,,,,—,3.63,1.64,,,,,,,,,,,,,,,,,,,,,,,,,,,,,,,,,,,,,,,,,,,,,,,,,,,,,,,,,,,,,,,,,,,,,,,,,,,,,,,,,,,,,,Damage
Widowmaker,Bronze,3.20,0.57,51.34,16.07,4.10,22,5328,,7.39,43,,,,,,,,,,,,,10.71,4.47,,,,,,,,,,,,,,,,,,—,3.77,2.21,,,,,,,,,,,,,,,,,,,,,,,,,,,,,,,,,,,,,,,,,,,,,,,,,,,,,,,,,,,,,,,,,,,,,,,,,,,,,,,,,,,,,,Damage
Widowmaker,Silver,2.92,0.85,53.30,15.70,4.25,24,5462,,7.52,43,,,,,,,,,,,,,10.49,4.28,,,,,,,,,,,,,,,,,,—,3.57,1.93,,,,,,,,,,,,,,,,,,,,,,,,,,,,,,,,,,,,,,,,,,,,,,,,,,,,,,,,,,,,,,,,,,,,,,,,,,,,,,,,,,,,,,Damage
Widowmaker,Gold,2.91,0.83,48.55,16.47,3.94,23,5551,,7.96,43,,,,,,,,,,,,,11.50,4.39,,,,,,,,,,,,,,,,,,—,3.87,1.83,,,,,,,,,,,,,,,,,,,,,,,,,,,,,,,,,,,,,,,,,,,,,,,,,,,,,,,,,,,,,,,,,,,,,,,,,,,,,,,,,,,,,,Damage
Widowmaker,Platinum,2.83,1.11,52.65,16.02,4.03,22,5496,,7.89,43,,,,,,,,,,,,,11.15,4.49,,,,,,,,,,,,,,,,,,—,3.68,1.92,,,,,,,,,,,,,,,,,,,,,,,,,,,,,,,,,,,,,,,,,,,,,,,,,,,,,,,,,,,,,,,,,,,,,,,,,,,,,,,,,,,,,,Damage
Widowmaker,Diamond,2.87,1.36,53.05,16.38,4.12,21,5510,,7.85,44,,,,,,,,,,,,,11.30,4.59,,,,,,,,,,,,,,,,,,—,3.73,1.90,,,,,,,,,,,,,,,,,,,,,,,,,,,,,,,,,,,,,,,,,,,,,,,,,,,,,,,,,,,,,,,,,,,,,,,,,,,,,,,,,,,,,,Damage
Widowmaker,Master,3.07,0.77,52.48,16.33,4.25,21,5435,,7.66,43,,,,,,,,,,,,,11.11,4.53,,,,,,,,,,,,,,,,,,—,3.87,1.99,,,,,,,,,,,,,,,,,,,,,,,,,,,,,,,,,,,,,,,,,,,,,,,,,,,,,,,,,,,,,,,,,,,,,,,,,,,,,,,,,,,,,,Damage
Widowmaker,Grandmaster,3.00,0.73,51.11,16.13,4.31,22,5315,,7.68,42,,,,,,,,,,,,,10.89,4.52,,,,,,,,,,,,,,,,,,—,3.83,2.18,,,,,,,,,,,,,,,,,,,,,,,,,,,,,,,,,,,,,,,,,,,,,,,,,,,,,,,,,,,,,,,,,,,,,,,,,,,,,,,,,,,,,,Damage
Lucio,All,3.70,5.76,51.75,11.91,5.88,111,3254,8174,7.67,,,,,,,,,24,9,,,,,,,,,,,,,,,,,,,,,,,,,,24.17,9.81,,,,,,,,,,,,,,,,,,,,,,,,,,,,,,,,,,,,,,,,,,,,,,,,,,,,,,,,,,,,,,,,,,,,,,,,,,,,,,,,,,,,Support
Lucio,Bronze,3.27,6.86,45.11,11.32,5.81,109,3117,8344,8.14,,,,,,,,,23,8,,,,,,,,,,,,,,,,,,,,,,,,,,23.14,9.81,,,,,,,,,,,,,,,,,,,,,,,,,,,,,,,,,,,,,,,,,,,,,,,,,,,,,,,,,,,,,,,,,,,,,,,,,,,,,,,,,,,,Support
Lucio,Silver,3.45,5.81,49.85,11.66,5.82,113,3213,8373,7.83,,,,,,,,,23,8,,,,,,,,,,,,,,,,,,,,,,,,,,23.45,9.76,,,,,,,,,,,,,,,,,,,,,,,,,,,,,,,,,,,,,,,,,,,,,,,,,,,,,,,,,,,,,,,,,,,,,,,,,,,,,,,,,,,,Support
Lucio,Gold,3.78,6.29,50.09,11.99,6.01,109,3242,8308,7.75,,,,,,,,,24,8,,,,,,,,,,,,,,,,,,,,,,,,,,24.07,10.02,,,,,,,,,,,,,,,,,,,,,,,,,,,,,,,,,,,,,,,,,,,,,,,,,,,,,,,,,,,,,,,,,,,,,,,,,,,,,,,,,,,,Support
Lucio,Platinum,3.40,5.78,47.75,11.66,5.93,109,3191,8220,7.94,,,,,,,,,24,8,,,,,,,,,,,,,,,,,,,,,,,,,,24.01,9.84,,,,,,,,,,,,,,,,,,,,,,,,,,,,,,,,,,,,,,,,,,,,,,,,,,,,,,,,,,,,,,,,,,,,,,,,,,,,,,,,,,,,Support
Lucio,Diamond,3.50,5.84,45.85,11.71,5.86,107,3193,8228,7.90,,,,,,,,,23,8,,,,,,,,,,,,,,,,,,,,,,,,,,23.89,9.88,,,,,,,,,,,,,,,,,,,,,,,,,,,,,,,,,,,,,,,,,,,,,,,,,,,,,,,,,,,,,,,,,,,,,,,,,,,,,,,,,,,,Support
Lucio,Master,3.41,8.21,48.48,11.68,5.87,108,3191,8255,7.97,,,,,,,,,23,8,,,,,,,,,,,,,,,,,,,,,,,,,,23.76,9.88,,,,,,,,,,,,,,,,,,,,,,,,,,,,,,,,,,,,,,,,,,,,,,,,,,,,,,,,,,,,,,,,,,,,,,,,,,,,,,,,,,,,Support
Lucio,Grandmaster,3.38,6.92,45.46,11.58,5.89,108,3167,8353,8.02,,,,,,,,,23,8,,,,,,,,,,,,,,,,,,,,,,,,,,23.51,9.90,,,,,,,,,,,,,,,,,,,,,,,,,,,,,,,,,,,,,,,,,,,,,,,,,,,,,,,,,,,,,,,,,,,,,,,,,,,,,,,,,,,,Support
Soldier: 76,All,2.59,4.91,50.51,18.14,7.42,59,8488,1469,8.93,,,,,,,,,32,9,,,,9.33,1.67,,,,,,,,,,,,,,,,,,,,,,,55,1.40,6.61,3.32,,,,,,,,,,,,,,,,,,,,,,,,,,,,,,,,,,,,,,,,,,,,,,,,,,,,,,,,,,,,,,,,,,,,,,,,,,,,,,,,Damage
Soldier: 76,Bronze,2.45,4.81,45.57,16.96,7.37,63,8015,1499,9.24,,,,,,,,,30,9,,,,8.74,1.84,,,,,,,,,,,,,,,,,,,,,,,54,1.53,6.27,3.48,,,,,,,,,,,,,,,,,,,,,,,,,,,,,,,,,,,,,,,,,,,,,,,,,,,,,,,,,,,,,,,,,,,,,,,,,,,,,,,,Damage
Soldier: 76,Silver,2.45,2.86,42.55,17.26,7.35,60,8131,1504,9.26,,,,,,,,,31,8,,,,8.94,1.76,,,,,,,,,,,,,,,,,,,,,,,54,1.50,6.30,3.42,,,,,,,,,,,,,,,,,,,,,,,,,,,,,,,,,,,,,,,,,,,,,,,,,,,,,,,,,,,,,,,,,,,,,,,,,,,,,,,,Damage
Soldier: 76,Gold,2.54,4.47,47.91,17.86,7.53,63,8325,1455,9.11,,,,,,,,,32,9,,,,9.18,1.66,,,,,,,,,,,,,,,,,,,,,,,55,1.39,6.56,3.50,,,,,,,,,,,,,,,,,,,,,,,,,,,,,,,,,,,,,,,,,,,,,,,,,,,,,,,,,,,,,,,,,,,,,,,,,,,,,,,,Damage
Soldier: 76,Platinum,2.56,3.54,47.10,17.47,7.39,61,8142,1494,9.02,,,,,,,,,31,8,,,,9.02,1.79,,,,,,,,,,,,,,,,,,,,,,,54,1.58,6.56,3.57,,,,,,,,,,,,,,,,,,,,,,,,,,,,,,,,,,,,,,,,,,,,,,,,,,,,,,,,,,,,,,,,,,,,,,,,,,,,,,,,Damage
Soldier: 76,Diamond,2.54,4.11,47.94,17.29,7.39,62,8129,1490,9.16,,,,,,,,,31,8,,,,8.97,1.76,,,,,,,,,,,,,,,,,,,,,,,54,1.57,6.47,3.59,,,,,,,,,,,,,,,,,,,,,,,,,,,,,,,,,,,,,,,,,,,,,,,,,,,,,,,,,,,,,,,,,,,,,,,,,,,,,,,,Damage
Soldier: 76,Master,2.50,3.59,48.77,17.02,7.41,63,8040,1489,9.17,,,,,,,,,31,8,,,,8.77,1.77,,,,,,,,,,,,,,,,,,,,,,,54,1.56,6.41,3.57,,,,,,,,,,,,,,,,,,,,,,,,,,,,,,,,,,,,,,,,,,,,,,,,,,,,,,,,,,,,,,,,,,,,,,,,,,,,,,,,Damage
Soldier: 76,Grandmaster,2.47,2.97,40.97,16.93,7.41,63,7966,1497,9.28,,,,,,,,,31,8,,,,8.76,1.80,,,,,,,,,,,,,,,,,,,,,,,54,1.57,6.34,3.62,,,,,,,,,,,,,,,,,,,,,,,,,,,,,,,,,,,,,,,,,,,,,,,,,,,,,,,,,,,,,,,,,,,,,,,,,,,,,,,,Damage
Hanzo,All,2.94,2.24,52.41,16.94,6.48,51,7548,,8.12,,,,,,,,,32,14,,,,11.09,2.71,,,,,,,,,,,,,,,,,,,3.89,,,,,2.55,,,5.17,2.20,,,,,,,,,,,,,,,,,,,,,,,,,,,,,,,,,,,,,,,,,,,,,,,,,,,,,,,,,,,,,,,,,,,,,,,,,,,,,,Damage
Hanzo,Bronze,2.65,0.99,40.52,15.74,6.31,53,7016,,8.44,,,,,,,,,30,15,,,,10.30,2.80,,,,,,,,,,,,,,,,,,,3.96,,,,,2.51,,,4.85,2.27,,,,,,,,,,,,,,,,,,,,,,,,,,,,,,,,,,,,,,,,,,,,,,,,,,,,,,,,,,,,,,,,,,,,,,,,,,,,,,Damage
Hanzo,Silver,2.82,1.60,50.43,16.50,7.03,54,7430,,8.13,,,,,,,,,32,14,,,,10.81,2.82,,,,,,,,,,,,,,,,,,,3.87,,,,,2.63,,,5.07,2.44,,,,,,,,,,,,,,,,,,,,,,,,,,,,,,,,,,,,,,,,,,,,,,,,,,,,,,,,,,,,,,,,,,,,,,,,,,,,,,Damage
Hanzo,Gold,2.86,2.76,51.66,16.49,6.17,51,7304,,8.26,,,,,,,,,31,14,,,,10.86,2.69,,,,,,,,,,,,,,,,,,,3.85,,,,,2.35,,,5.04,2.19,,,,,,,,,,,,,,,,,,,,,,,,,,,,,,,,,,,,,,,,,,,,,,,,,,,,,,,,,,,,,,,,,,,,,,,,,,,,,,Damage
Hanzo,Platinum,2.79,1.53,45.95,16.33,6.49,53,7319,,8.34,,,,,,,,,31,15,,,,10.69,2.77,,,,,,,,,,,,,,,,,,,4.00,,,,,2.40,,,5.09,2.27,,,,,,,,,,,,,,,,,,,,,,,,,,,,,,,,,,,,,,,,,,,,,,,,,,,,,,,,,,,,,,,,,,,,,,,,,,,,,,Damage
Hanzo,Diamond,2.99,1.71,48.16,16.79,6.67,52,7382,,8.16,,,,,,,,,31,15,,,,10.70,2.78,,,,,,,,,,,,,,,,,,,4.48,,,,,2.42,,,5.31,2.34,,,,,,,,,,,,,,,,,,,,,,,,,,,,,,,,,,,,,,,,,,,,,,,,,,,,,,,,,,,,,,,,,,,,,,,,,,,,,,Damage
Hanzo,Master,2.74,1.18,42.95,16.22,6.49,53,7277,,8.37,,,,,,,,,31,15,,,,10.59,2.76,,,,,,,,,,,,,,,,,,,4.02,,,,,2.42,,,5.12,2.31,,,,,,,,,,,,,,,,,,,,,,,,,,,,,,,,,,,,,,,,,,,,,,,,,,,,,,,,,,,,,,,,,,,,,,,,,,,,,,Damage
Hanzo,Grandmaster,2.74,1.28,42.42,16.06,6.55,53,7161,,8.35,,,,,,,,,31,15,,,,10.46,2.80,,,,,,,,,,,,,,,,,,,4.08,,,,,2.39,,,5.03,2.37,,,,,,,,,,,,,,,,,,,,,,,,,,,,,,,,,,,,,,,,,,,,,,,,,,,,,,,,,,,,,,,,,,,,,,,,,,,,,,Damage
Zenyatta,All,4.47,3.30,51.42,12.49,5.44,68,4327,6178,7.71,,,,,,,1257.10,,24,,,,,,,,,,,,,,,,,,,,,,,,,,,,,,,,,,,22,4.36,1130.34,,,,,,,,,,,,,,,,,,,,,,,,,,,,,,,,,,,,,,,,,,,,,,,,,,,,,,,,,,,,,,,,,,,,,,,,,,,Support
Zenyatta,Bronze,4.18,3.76,50.35,12.20,5.46,66,4173,6026,8.06,,,,,,,1184.99,,24,,,,,,,,,,,,,,,,,,,,,,,,,,,,,,,,,,,23,4.36,1024.55,,,,,,,,,,,,,,,,,,,,,,,,,,,,,,,,,,,,,,,,,,,,,,,,,,,,,,,,,,,,,,,,,,,,,,,,,,,Support
Zenyatta,Silver,4.18,2.61,44.61,12.25,5.26,68,4263,6081,8.19,,,,,,,1219.66,,24,,,,,,,,,,,,,,,,,,,,,,,,,,,,,,,,,,,23,4.21,1098.95,,,,,,,,,,,,,,,,,,,,,,,,,,,,,,,,,,,,,,,,,,,,,,,,,,,,,,,,,,,,,,,,,,,,,,,,,,,Support
Zenyatta,Gold,4.33,2.67,45.29,12.28,5.47,71,4202,6124,7.89,,,,,,,1220.54,,24,,,,,,,,,,,,,,,,,,,,,,,,,,,,,,,,,,,22,4.56,1097.67,,,,,,,,,,,,,,,,,,,,,,,,,,,,,,,,,,,,,,,,,,,,,,,,,,,,,,,,,,,,,,,,,,,,,,,,,,,Support
Zenyatta,Platinum,4.10,2.14,41.99,12.01,5.43,68,4214,6117,8.14,,,,,,,1218.27,,25,,,,,,,,,,,,,,,,,,,,,,,,,,,,,,,,,,,23,4.60,1076.41,,,,,,,,,,,,,,,,,,,,,,,,,,,,,,,,,,,,,,,,,,,,,,,,,,,,,,,,,,,,,,,,,,,,,,,,,,,Support
Zenyatta,Diamond,4.07,2.52,43.12,11.97,5.26,70,4179,6026,8.18,,,,,,,1173.17,,24,,,,,,,,,,,,,,,,,,,,,,,,,,,,,,,,,,,23,4.75,1050.58,,,,,,,,,,,,,,,,,,,,,,,,,,,,,,,,,,,,,,,,,,,,,,,,,,,,,,,,,,,,,,,,,,,,,,,,,,,Support
Zenyatta,Master,4.13,2.76,42.98,12.07,5.26,69,4149,6089,8.16,,,,,,,1177.92,,24,,,,,,,,,,,,,,,,,,,,,,,,,,,,,,,,,,,23,4.73,1062.20,,,,,,,,,,,,,,,,,,,,,,,,,,,,,,,,,,,,,,,,,,,,,,,,,,,,,,,,,,,,,,,,,,,,,,,,,,,Support
Zenyatta,Grandmaster,4.02,2.21,36.98,11.96,5.32,69,4133,6028,8.31,,,,,,,1172.17,,24,,,,,,,,,,,,,,,,,,,,,,,,,,,,,,,,,,,23,4.60,1039.75,,,,,,,,,,,,,,,,,,,,,,,,,,,,,,,,,,,,,,,,,,,,,,,,,,,,,,,,,,,,,,,,,,,,,,,,,,,Support
D.Va,All,5.58,2.96,51.90,19.80,6.07,124,8008,,6.14,,,,,,,,,25,,,,,,,,,,,,,,,,,,,,74,,,,,,,,,,,,,,,,,,8.00,2.14,2.14,,,,,,,,,,,,,,,,,,,,,,,,,,,,,,,,,,,,,,,,,,,,,,,,,,,,,,,,,,,,,,,,,,,,,,,,Tank
D.Va,Bronze,5.27,4.26,49.59,18.53,5.68,122,7572,,6.34,,,,,,,,,24,,,,,,,,,,,,,,,,,,,,71,,,,,,,,,,,,,,,,,,7.43,2.14,2.15,,,,,,,,,,,,,,,,,,,,,,,,,,,,,,,,,,,,,,,,,,,,,,,,,,,,,,,,,,,,,,,,,,,,,,,,Tank
D.Va,Silver,5.38,3.94,50.68,18.86,5.89,121,7789,,6.22,,,,,,,,,24,,,,,,,,,,,,,,,,,,,,73,,,,,,,,,,,,,,,,,,7.61,2.30,2.32,,,,,,,,,,,,,,,,,,,,,,,,,,,,,,,,,,,,,,,,,,,,,,,,,,,,,,,,,,,,,,,,,,,,,,,,Tank
D.Va,Gold,5.67,3.29,51.48,19.58,5.94,123,7872,,6.24,,,,,,,,,25,,,,,,,,,,,,,,,,,,,,72,,,,,,,,,,,,,,,,,,7.81,2.19,2.18,,,,,,,,,,,,,,,,,,,,,,,,,,,,,,,,,,,,,,,,,,,,,,,,,,,,,,,,,,,,,,,,,,,,,,,,Tank
D.Va,Platinum,5.53,5.17,52.86,18.83,5.70,122,7650,,6.23,,,,,,,,,24,,,,,,,,,,,,,,,,,,,,73,,,,,,,,,,,,,,,,,,7.55,2.13,2.15,,,,,,,,,,,,,,,,,,,,,,,,,,,,,,,,,,,,,,,,,,,,,,,,,,,,,,,,,,,,,,,,,,,,,,,,Tank
D.Va,Diamond,5.47,5.11,52.64,18.81,5.57,120,7726,,6.22,,,,,,,,,24,,,,,,,,,,,,,,,,,,,,70,,,,,,,,,,,,,,,,,,7.59,2.16,2.17,,,,,,,,,,,,,,,,,,,,,,,,,,,,,,,,,,,,,,,,,,,,,,,,,,,,,,,,,,,,,,,,,,,,,,,,Tank
D.Va,Master,5.44,5.46,51.32,18.61,5.57,121,7660,,6.24,,,,,,,,,24,,,,,,,,,,,,,,,,,,,,70,,,,,,,,,,,,,,,,,,7.55,2.15,2.17,,,,,,,,,,,,,,,,,,,,,,,,,,,,,,,,,,,,,,,,,,,,,,,,,,,,,,,,,,,,,,,,,,,,,,,,Tank
D.Va,Grandmaster,5.42,5.63,51.26,18.50,5.60,121,7596,,6.29,,,,,,,,,24,,,,,,,,,,,,,,,,,,,,70,,,,,,,,,,,,,,,,,,7.42,2.20,2.22,,,,,,,,,,,,,,,,,,,,,,,,,,,,,,,,,,,,,,,,,,,,,,,,,,,,,,,,,,,,,,,,,,,,,,,,Tank
Roadhog,All,3.74,1.80,47.47,18.22,8.28,121,7939,,6.74,,,,,,,,,27,,,,,,,,,,,,,,,,,,,,73,,,,,,,,,,,,,,,,,,,,,5261.20,9.29,51.77,3.08,,,,,,,,,,,,,,,,,,,,,,,,,,,,,,,,,,,,,,,,,,,,,,,,,,,,,,,,,,,,,,,,,,,,Tank
Roadhog,Bronze,3.67,2.11,42.41,17.44,8.21,128,7605,,6.71,,,,,,,,,27,,,,,,,,,,,,,,,,,,,,78,,,,,,,,,,,,,,,,,,,,,5172.75,8.75,51.91,3.17,,,,,,,,,,,,,,,,,,,,,,,,,,,,,,,,,,,,,,,,,,,,,,,,,,,,,,,,,,,,,,,,,,,,Tank
Roadhog,Silver,3.65,2.27,45.73,17.36,8.24,131,7690,,6.61,,,,,,,,,26,,,,,,,,,,,,,,,,,,,,79,,,,,,,,,,,,,,,,,,,,,5276.25,8.73,51.44,3.07,,,,,,,,,,,,,,,,,,,,,,,,,,,,,,,,,,,,,,,,,,,,,,,,,,,,,,,,,,,,,,,,,,,,Tank
Roadhog,Gold,3.80,2.08,45.83,18.00,8.29,120,7878,,6.68,,,,,,,,,27,,,,,,,,,,,,,,,,,,,,74,,,,,,,,,,,,,,,,,,,,,5174.12,9.27,52.04,3.09,,,,,,,,,,,,,,,,,,,,,,,,,,,,,,,,,,,,,,,,,,,,,,,,,,,,,,,,,,,,,,,,,,,,Tank
Roadhog,Platinum,3.73,2.33,41.60,17.48,8.14,126,7676,,6.70,,,,,,,,,27,,,,,,,,,,,,,,,,,,,,77,,,,,,,,,,,,,,,,,,,,,5174.33,8.83,51.67,3.10,,,,,,,,,,,,,,,,,,,,,,,,,,,,,,,,,,,,,,,,,,,,,,,,,,,,,,,,,,,,,,,,,,,,Tank
Roadhog,Diamond,3.73,2.39,44.46,17.69,8.17,124,7740,,6.61,,,,,,,,,27,,,,,,,,,,,,,,,,,,,,76,,,,,,,,,,,,,,,,,,,,,5167.56,8.87,51.46,3.17,,,,,,,,,,,,,,,,,,,,,,,,,,,,,,,,,,,,,,,,,,,,,,,,,,,,,,,,,,,,,,,,,,,,Tank
Roadhog,Master,3.66,2.63,43.98,17.53,8.17,126,7632,,6.76,,,,,,,,,26,,,,,,,,,,,,,,,,,,,,78,,,,,,,,,,,,,,,,,,,,,5210.60,8.73,50.76,3.13,,,,,,,,,,,,,,,,,,,,,,,,,,,,,,,,,,,,,,,,,,,,,,,,,,,,,,,,,,,,,,,,,,,,Tank
Roadhog,Grandmaster,3.69,2.69,42.27,17.31,8.17,128,7610,,6.64,,,,,,,,,26,,,,,,,,,,,,,,,,,,,,79,,,,,,,,,,,,,,,,,,,,,5167.37,8.70,51.49,3.14,,,,,,,,,,,,,,,,,,,,,,,,,,,,,,,,,,,,,,,,,,,,,,,,,,,,,,,,,,,,,,,,,,,,Tank
Junkrat,All,2.78,1.94,52.75,18.15,7.08,53,8527,,8.54,,,,,,,,,24,,,,,11.45,3.01,,,,,,,,,,,,,,,,,,,,,,,,,,,,,,,,,,,,,,,17,6.21,5.68,—,,,,,,,,,,,,,,,,,,,,,,,,,,,,,,,,,,,,,,,,,,,,,,,,,,,,,,,,,,,,,,,,Damage
Junkrat,Bronze,2.45,2.03,50.13,16.71,6.80,54,7918,,9.28,,,,,,,,,23,,,,,10.84,2.85,,,,,,,,,,,,,,,,,,,,,,,,,,,,,,,,,,,,,,,16,5.50,6.21,—,,,,,,,,,,,,,,,,,,,,,,,,,,,,,,,,,,,,,,,,,,,,,,,,,,,,,,,,,,,,,,,,Damage
Junkrat,Silver,2.66,2.22,50.96,17.91,7.14,56,8292,,8.65,,,,,,,,,24,,,,,11.38,3.06,,,,,,,,,,,,,,,,,,,,,,,,,,,,,,,,,,,,,,,17,6.04,5.70,—,,,,,,,,,,,,,,,,,,,,,,,,,,,,,,,,,,,,,,,,,,,,,,,,,,,,,,,,,,,,,,,,Damage
Junkrat,Gold,2.80,2.44,54.20,17.90,6.95,48,8397,,8.66,,,,,,,,,24,,,,,11.50,3.01,,,,,,,,,,,,,,,,,,,,,,,,,,,,,,,,,,,,,,,17,6.14,5.76,—,,,,,,,,,,,,,,,,,,,,,,,,,,,,,,,,,,,,,,,,,,,,,,,,,,,,,,,,,,,,,,,,Damage
Junkrat,Platinum,2.59,2.02,51.73,17.19,6.94,51,8082,,8.95,,,,,,,,,23,,,,,11.06,2.84,,,,,,,,,,,,,,,,,,,,,,,,,,,,,,,,,,,,,,,16,5.88,5.94,—,,,,,,,,,,,,,,,,,,,,,,,,,,,,,,,,,,,,,,,,,,,,,,,,,,,,,,,,,,,,,,,,Damage
Junkrat,Diamond,2.66,1.92,52.36,17.31,6.87,49,8120,,8.86,,,,,,,,,23,,,,,11.09,2.91,,,,,,,,,,,,,,,,,,,,,,,,,,,,,,,,,,,,,,,16,5.95,6.01,—,,,,,,,,,,,,,,,,,,,,,,,,,,,,,,,,,,,,,,,,,,,,,,,,,,,,,,,,,,,,,,,,Damage
Junkrat,Master,2.55,1.99,51.86,17.05,6.81,51,7961,,9.06,,,,,,,,,23,,,,,11.02,2.91,,,,,,,,,,,,,,,,,,,,,,,,,,,,,,,,,,,,,,,16,5.73,5.98,—,,,,,,,,,,,,,,,,,,,,,,,,,,,,,,,,,,,,,,,,,,,,,,,,,,,,,,,,,,,,,,,,Damage
Junkrat,Grandmaster,2.55,2.33,51.58,17.02,6.86,51,7956,,9.06,,,,,,,,,23,,,,,11.04,2.91,,,,,,,,,,,,,,,,,,,,,,,,,,,,,,,,,,,,,,,16,5.73,6.03,—,,,,,,,,,,,,,,,,,,,,,,,,,,,,,,,,,,,,,,,,,,,,,,,,,,,,,,,,,,,,,,,,Damage
Tracer,All,2.47,0.89,52.17,17.53,6.82,64,6490,,8.19,,,,,,,,,33,9,,,,7.74,1.81,,,,,,,,,,,,,,,,,,,,,,,,,,,,,,,,,,,903.89,,,,,,,,4.51,1.67,2.17,,,,,,,,,,,,,,,,,,,,,,,,,,,,,,,,,,,,,,,,,,,,,,,,,,,,,,,,,,,,,Damage
Tracer,Bronze,2.02,0.43,35.72,15.12,6.59,67,5899,,9.01,,,,,,,,,31,8,,,,6.24,1.47,,,,,,,,,,,,,,,,,,,,,,,,,,,,,,,,,,,858.23,,,,,,,,4.08,1.55,2.03,,,,,,,,,,,,,,,,,,,,,,,,,,,,,,,,,,,,,,,,,,,,,,,,,,,,,,,,,,,,,Damage
Tracer,Silver,2.45,0.53,46.80,16.94,6.34,67,6401,,8.50,,,,,,,,,32,8,,,,7.58,1.93,,,,,,,,,,,,,,,,,,,,,,,,,,,,,,,,,,,895.48,,,,,,,,4.59,1.71,2.34,,,,,,,,,,,,,,,,,,,,,,,,,,,,,,,,,,,,,,,,,,,,,,,,,,,,,,,,,,,,,Damage
Tracer,Gold,2.27,0.86,50.19,16.68,7.15,67,6159,,8.57,,,,,,,,,33,9,,,,7.03,1.71,,,,,,,,,,,,,,,,,,,,,,,,,,,,,,,,,,,881.36,,,,,,,,4.46,1.66,2.10,,,,,,,,,,,,,,,,,,,,,,,,,,,,,,,,,,,,,,,,,,,,,,,,,,,,,,,,,,,,,Damage
Tracer,Platinum,2.33,0.89,48.59,16.80,7.06,70,6187,,8.68,,,,,,,,,32,8,,,,7.16,1.83,,,,,,,,,,,,,,,,,,,,,,,,,,,,,,,,,,,919.75,,,,,,,,4.62,1.51,2.16,,,,,,,,,,,,,,,,,,,,,,,,,,,,,,,,,,,,,,,,,,,,,,,,,,,,,,,,,,,,,Damage
Tracer,Diamond,2.42,0.84,47.50,17.26,7.11,71,6367,,8.54,,,,,,,,,32,9,,,,7.41,1.48,,,,,,,,,,,,,,,,,,,,,,,,,,,,,,,,,,,909.47,,,,,,,,4.48,1.56,2.13,,,,,,,,,,,,,,,,,,,,,,,,,,,,,,,,,,,,,,,,,,,,,,,,,,,,,,,,,,,,,Damage
Tracer,Master,2.20,0.60,41.83,15.99,6.77,71,6100,,8.89,,,,,,,,,32,8,,,,6.80,1.63,,,,,,,,,,,,,,,,,,,,,,,,,,,,,,,,,,,887.97,,,,,,,,4.42,1.43,1.96,,,,,,,,,,,,,,,,,,,,,,,,,,,,,,,,,,,,,,,,,,,,,,,,,,,,,,,,,,,,,Damage
Tracer,Grandmaster,2.15,0.52,38.24,15.72,6.89,73,5952,,9.08,,,,,,,,,31,8,,,,6.50,1.57,,,,,,,,,,,,,,,,,,,,,,,,,,,,,,,,,,,882.53,,,,,,,,4.41,1.49,2.10,,,,,,,,,,,,,,,,,,,,,,,,,,,,,,,,,,,,,,,,,,,,,,,,,,,,,,,,,,,,,Damage
Ashe,All,2.47,1.84,50.73,16.52,6.27,50,7999,,8.19,38,,,,,,,,,,,,,8.49,1.81,,,,,,,,,,,,,,,,,,—,,,,,,,,,,,,,,,,,,,,,,,,,,,,2.04,5.20,2.88,,,,,,,,,,,,,,,,,,,,,,,,,,,,,,,,,,,,,,,,,,,,,,,,,,,,,,,,,,Damage
Ashe,Bronze,2.17,1.18,45.45,15.09,6.19,57,7463,,8.75,36,,,,,,,,,,,,,7.48,1.63,,,,,,,,,,,,,,,,,,—,,,,,,,,,,,,,,,,,,,,,,,,,,,,2.18,4.90,3.02,,,,,,,,,,,,,,,,,,,,,,,,,,,,,,,,,,,,,,,,,,,,,,,,,,,,,,,,,,Damage
Ashe,Silver,2.14,1.29,48.10,15.36,6.00,56,7453,,8.71,37,,,,,,,,,,,,,7.75,1.69,,,,,,,,,,,,,,,,,,—,,,,,,,,,,,,,,,,,,,,,,,,,,,,1.86,4.61,3.02,,,,,,,,,,,,,,,,,,,,,,,,,,,,,,,,,,,,,,,,,,,,,,,,,,,,,,,,,,Damage
Ashe,Gold,2.55,1.66,50.11,16.56,6.59,52,7929,,8.20,38,,,,,,,,,,,,,8.34,1.85,,,,,,,,,,,,,,,,,,—,,,,,,,,,,,,,,,,,,,,,,,,,,,,2.16,5.25,2.95,,,,,,,,,,,,,,,,,,,,,,,,,,,,,,,,,,,,,,,,,,,,,,,,,,,,,,,,,,Damage
Ashe,Platinum,2.34,1.77,51.06,16.33,6.30,54,7969,,8.43,38,,,,,,,,,,,,,8.28,1.78,,,,,,,,,,,,,,,,,,—,,,,,,,,,,,,,,,,,,,,,,,,,,,,2.05,5.22,3.04,,,,,,,,,,,,,,,,,,,,,,,,,,,,,,,,,,,,,,,,,,,,,,,,,,,,,,,,,,Damage
Ashe,Diamond,2.29,2.50,48.44,15.87,6.34,57,7904,,8.46,38,,,,,,,,,,,,,7.89,1.64,,,,,,,,,,,,,,,,,,—,,,,,,,,,,,,,,,,,,,,,,,,,,,,2.10,5.08,3.03,,,,,,,,,,,,,,,,,,,,,,,,,,,,,,,,,,,,,,,,,,,,,,,,,,,,,,,,,,Damage
Ashe,Master,2.21,1.29,45.66,15.62,6.31,57,7701,,8.67,37,,,,,,,,,,,,,7.72,1.65,,,,,,,,,,,,,,,,,,—,,,,,,,,,,,,,,,,,,,,,,,,,,,,2.03,5.03,3.04,,,,,,,,,,,,,,,,,,,,,,,,,,,,,,,,,,,,,,,,,,,,,,,,,,,,,,,,,,Damage
Ashe,Grandmaster,2.20,1.37,46.07,15.46,6.33,58,7591,,8.71,37,,,,,,,,,,,,,7.61,1.67,,,,,,,,,,,,,,,,,,—,,,,,,,,,,,,,,,,,,,,,,,,,,,,2.08,4.92,3.09,,,,,,,,,,,,,,,,,,,,,,,,,,,,,,,,,,,,,,,,,,,,,,,,,,,,,,,,,,Damage
Orisa,All,3.27,2.02,48.17,16.96,7.86,125,8900,,7.43,,,,,,,,,31,,,,,,,,,,,,,,,,,,,,77,,,,,,,,,,,,,,,,,,,,,,,,,,,,,,,,,,,5.19,—,3.20,,,,,,,,,,,,,,,,,,,,,,,,,,,,,,,,,,,,,,,,,,,,,,,,,,,,,,,Tank
Orisa,Bronze,2.95,3.09,44.50,15.55,7.81,124,8383,,7.80,,,,,,,,,30,,,,,,,,,,,,,,,,,,,,79,,,,,,,,,,,,,,,,,,,,,,,,,,,,,,,,,,,4.57,—,2.93,,,,,,,,,,,,,,,,,,,,,,,,,,,,,,,,,,,,,,,,,,,,,,,,,,,,,,,Tank
Orisa,Silver,3.18,2.72,44.59,16.69,8.16,126,8757,,7.55,,,,,,,,,30,,,,,,,,,,,,,,,,,,,,79,,,,,,,,,,,,,,,,,,,,,,,,,,,,,,,,,,,4.80,—,3.25,,,,,,,,,,,,,,,,,,,,,,,,,,,,,,,,,,,,,,,,,,,,,,,,,,,,,,,Tank
Orisa,Gold,3.34,2.61,47.99,16.84,7.90,125,8899,,7.44,,,,,,,,,31,,,,,,,,,,,,,,,,,,,,80,,,,,,,,,,,,,,,,,,,,,,,,,,,,,,,,,,,5.11,—,3.23,,,,,,,,,,,,,,,,,,,,,,,,,,,,,,,,,,,,,,,,,,,,,,,,,,,,,,,Tank
Orisa,Platinum,3.18,3.26,46.67,16.37,7.85,120,8673,,7.60,,,,,,,,,30,,,,,,,,,,,,,,,,,,,,78,,,,,,,,,,,,,,,,,,,,,,,,,,,,,,,,,,,5.06,—,3.23,,,,,,,,,,,,,,,,,,,,,,,,,,,,,,,,,,,,,,,,,,,,,,,,,,,,,,,Tank
Orisa,Diamond,3.23,3.53,48.85,16.65,8.05,123,8658,,7.66,,,,,,,,,30,,,,,,,,,,,,,,,,,,,,79,,,,,,,,,,,,,,,,,,,,,,,,,,,,,,,,,,,5.10,—,3.16,,,,,,,,,,,,,,,,,,,,,,,,,,,,,,,,,,,,,,,,,,,,,,,,,,,,,,,Tank
Orisa,Master,3.19,3.35,44.97,16.54,8.25,121,8636,,7.66,,,,,,,,,30,,,,,,,,,,,,,,,,,,,,79,,,,,,,,,,,,,,,,,,,,,,,,,,,,,,,,,,,4.82,—,3.11,,,,,,,,,,,,,,,,,,,,,,,,,,,,,,,,,,,,,,,,,,,,,,,,,,,,,,,Tank
Orisa,Grandmaster,3.14,3.92,45.48,16.23,8.07,123,8577,,7.69,,,,,,,,,30,,,,,,,,,,,,,,,,,,,,80,,,,,,,,,,,,,,,,,,,,,,,,,,,,,,,,,,,4.79,—,3.14,,,,,,,,,,,,,,,,,,,,,,,,,,,,,,,,,,,,,,,,,,,,,,,,,,,,,,,Tank
Zarya,All,4.24,3.82,50.83,19.12,8.94,128,8537,,6.49,,,,,,,,,,,,,,,,,,,,,,,,40,,,,,77,,,,,,,,,,,,,,,,,,,,,,,,,,,,,,,,,,,,,,41,11.03,34.28,3.33,,,,,,,,,,,,,,,,,,,,,,,,,,,,,,,,,,,,,,,,,,,,,,,,,,,Tank
Zarya,Bronze,3.94,3.86,44.20,17.39,8.35,127,8180,,6.65,,,,,,,,,,,,,,,,,,,,,,,,39,,,,,82,,,,,,,,,,,,,,,,,,,,,,,,,,,,,,,,,,,,,,40,9.87,33.29,3.09,,,,,,,,,,,,,,,,,,,,,,,,,,,,,,,,,,,,,,,,,,,,,,,,,,,Tank
Zarya,Silver,4.00,3.73,46.31,18.16,8.66,130,8345,,6.58,,,,,,,,,,,,,,,,,,,,,,,,39,,,,,82,,,,,,,,,,,,,,,,,,,,,,,,,,,,,,,,,,,,,,40,10.29,33.81,3.12,,,,,,,,,,,,,,,,,,,,,,,,,,,,,,,,,,,,,,,,,,,,,,,,,,,Tank
Zarya,Gold,4.12,4.20,49.44,18.28,8.64,127,8397,,6.50,,,,,,,,,,,,,,,,,,,,,,,,39,,,,,79,,,,,,,,,,,,,,,,,,,,,,,,,,,,,,,,,,,,,,41,10.41,33.83,3.25,,,,,,,,,,,,,,,,,,,,,,,,,,,,,,,,,,,,,,,,,,,,,,,,,,,Tank
Zarya,Platinum,4.06,4.65,45.00,17.93,8.55,125,8376,,6.54,,,,,,,,,,,,,,,,,,,,,,,,39,,,,,80,,,,,,,,,,,,,,,,,,,,,,,,,,,,,,,,,,,,,,41,10.40,34.42,3.22,,,,,,,,,,,,,,,,,,,,,,,,,,,,,,,,,,,,,,,,,,,,,,,,,,,Tank
Zarya,Diamond,4.08,5.08,46.94,17.97,8.56,126,8474,,6.54,,,,,,,,,,,,,,,,,,,,,,,,40,,,,,81,,,,,,,,,,,,,,,,,,,,,,,,,,,,,,,,,,,,,,40,10.46,34.45,3.27,,,,,,,,,,,,,,,,,,,,,,,,,,,,,,,,,,,,,,,,,,,,,,,,,,,Tank
Zarya,Master,3.96,4.82,45.70,17.50,8.39,126,8332,,6.57,,,,,,,,,,,,,,,,,,,,,,,,39,,,,,82,,,,,,,,,,,,,,,,,,,,,,,,,,,,,,,,,,,,,,40,10.11,34.21,3.17,,,,,,,,,,,,,,,,,,,,,,,,,,,,,,,,,,,,,,,,,,,,,,,,,,,Tank
Zarya,Grandmaster,3.94,4.76,43.46,17.37,8.36,127,8272,,6.60,,,,,,,,,,,,,,,,,,,,,,,,39,,,,,82,,,,,,,,,,,,,,,,,,,,,,,,,,,,,,,,,,,,,,40,9.93,33.86,3.12,,,,,,,,,,,,,,,,,,,,,,,,,,,,,,,,,,,,,,,,,,,,,,,,,,,Tank
Reaper,All,2.53,3.08,50.50,19.13,7.77,76,7671,,8.38,,,,,,,,,28,10,,,,10.50,2.20,,,,,,,,,,,,,,,,,,,,,,,,,,,,,,,,,,,1451.12,,,,,,,,,,,,,,,,,,,,,3.99,,,,,,,,,,,,,,,,,,,,,,,,,,,,,,,,,,,,,,,,,,,,,,,,,,Damage
Reaper,Bronze,2.26,2.44,37.19,17.21,7.59,79,7042,,8.95,,,,,,,,,27,10,,,,9.50,2.33,,,,,,,,,,,,,,,,,,,,,,,,,,,,,,,,,,,1357.70,,,,,,,,,,,,,,,,,,,,,3.84,,,,,,,,,,,,,,,,,,,,,,,,,,,,,,,,,,,,,,,,,,,,,,,,,,Damage
Reaper,Silver,2.37,2.74,46.02,18.00,7.58,78,7239,,8.71,,,,,,,,,27,10,,,,9.84,2.15,,,,,,,,,,,,,,,,,,,,,,,,,,,,,,,,,,,1380.99,,,,,,,,,,,,,,,,,,,,,3.94,,,,,,,,,,,,,,,,,,,,,,,,,,,,,,,,,,,,,,,,,,,,,,,,,,Damage
Reaper,Gold,2.39,3.53,48.65,18.45,7.43,76,7505,,8.71,,,,,,,,,28,10,,,,10.20,2.21,,,,,,,,,,,,,,,,,,,,,,,,,,,,,,,,,,,1428.04,,,,,,,,,,,,,,,,,,,,,4.04,,,,,,,,,,,,,,,,,,,,,,,,,,,,,,,,,,,,,,,,,,,,,,,,,,Damage
Reaper,Platinum,2.25,3.35,44.24,17.35,7.50,78,7131,,8.98,,,,,,,,,27,10,,,,9.48,2.15,,,,,,,,,,,,,,,,,,,,,,,,,,,,,,,,,,,1360.02,,,,,,,,,,,,,,,,,,,,,3.86,,,,,,,,,,,,,,,,,,,,,,,,,,,,,,,,,,,,,,,,,,,,,,,,,,Damage
Reaper,Diamond,2.19,2.51,37.37,16.97,7.27,77,7050,,9.05,,,,,,,,,27,10,,,,9.29,2.13,,,,,,,,,,,,,,,,,,,,,,,,,,,,,,,,,,,1355.76,,,,,,,,,,,,,,,,,,,,,3.84,,,,,,,,,,,,,,,,,,,,,,,,,,,,,,,,,,,,,,,,,,,,,,,,,,Damage
Reaper,Master,2.17,2.45,38.06,16.87,7.30,78,6975,,9.13,,,,,,,,,27,10,,,,9.23,2.17,,,,,,,,,,,,,,,,,,,,,,,,,,,,,,,,,,,1344.61,,,,,,,,,,,,,,,,,,,,,3.87,,,,,,,,,,,,,,,,,,,,,,,,,,,,,,,,,,,,,,,,,,,,,,,,,,Damage
Reaper,Grandmaster,2.17,2.75,36.46,16.82,7.30,78,6951,,9.14,,,,,,,,,27,10,,,,9.22,2.19,,,,,,,,,,,,,,,,,,,,,,,,,,,,,,,,,,,1339.13,,,,,,,,,,,,,,,,,,,,,3.87,,,,,,,,,,,,,,,,,,,,,,,,,,,,,,,,,,,,,,,,,,,,,,,,,,Damage
Sojourn,All,2.75,4.67,48.37,17.45,6.99,60,7818,,8.28,,,,,,,,,27,,,,,7.90,1.49,,,,,,,,,,,,,,,,,,,,,,,,,,,,,,,,,,,,,,,,,,,,,,,,,,,,,,,,,49,13,7.86,5.08,2.30,,,,,,,,,,,,,,,,,,,,,,,,,,,,,,,,,,,,,,,,,,,,,Damage
Sojourn,Bronze,2.33,2.97,37.05,15.11,6.37,59,7211,,8.83,,,,,,,,,26,,,,,6.39,1.38,,,,,,,,,,,,,,,,,,,,,,,,,,,,,,,,,,,,,,,,,,,,,,,,,,,,,,,,,47,12,6.47,4.60,1.90,,,,,,,,,,,,,,,,,,,,,,,,,,,,,,,,,,,,,,,,,,,,,Damage
Sojourn,Silver,2.56,3.07,44.15,16.36,6.74,60,7568,,8.49,,,,,,,,,27,,,,,7.10,1.41,,,,,,,,,,,,,,,,,,,,,,,,,,,,,,,,,,,,,,,,,,,,,,,,,,,,,,,,,48,12,7.20,4.95,2.17,,,,,,,,,,,,,,,,,,,,,,,,,,,,,,,,,,,,,,,,,,,,,Damage
Sojourn,Gold,2.67,3.62,43.46,16.71,6.63,61,7629,,8.45,,,,,,,,,27,,,,,7.38,1.46,,,,,,,,,,,,,,,,,,,,,,,,,,,,,,,,,,,,,,,,,,,,,,,,,,,,,,,,,49,13,7.45,4.89,2.25,,,,,,,,,,,,,,,,,,,,,,,,,,,,,,,,,,,,,,,,,,,,,Damage
Sojourn,Platinum,2.52,4.18,45.79,16.19,6.62,58,7468,,8.61,,,,,,,,,26,,,,,7.02,1.43,,,,,,,,,,,,,,,,,,,,,,,,,,,,,,,,,,,,,,,,,,,,,,,,,,,,,,,,,48,13,7.23,4.84,2.12,,,,,,,,,,,,,,,,,,,,,,,,,,,,,,,,,,,,,,,,,,,,,Damage
Sojourn,Diamond,2.52,6.64,45.91,15.89,6.43,57,7432,,8.58,,,,,,,,,26,,,,,6.83,1.36,,,,,,,,,,,,,,,,,,,,,,,,,,,,,,,,,,,,,,,,,,,,,,,,,,,,,,,,,48,12,7.13,4.73,2.09,,,,,,,,,,,,,,,,,,,,,,,,,,,,,,,,,,,,,,,,,,,,,Damage
Sojourn,Master,2.47,4.39,46.14,15.65,6.45,58,7376,,8.66,,,,,,,,,26,,,,,6.69,1.42,,,,,,,,,,,,,,,,,,,,,,,,,,,,,,,,,,,,,,,,,,,,,,,,,,,,,,,,,48,13,6.94,4.75,2.04,,,,,,,,,,,,,,,,,,,,,,,,,,,,,,,,,,,,,,,,,,,,,Damage
Sojourn,Grandmaster,2.41,3.41,39.00,15.35,6.34,59,7289,,8.75,,,,,,,,,26,,,,,6.46,1.37,,,,,,,,,,,,,,,,,,,,,,,,,,,,,,,,,,,,,,,,,,,,,,,,,,,,,,,,,47,12,6.72,4.67,2.01,,,,,,,,,,,,,,,,,,,,,,,,,,,,,,,,,,,,,,,,,,,,,Damage
Pharah,All,2.77,1.17,50.48,21.08,7.03,42,8690,,9.07,,,,,,,,,46,,,,,12.62,2.78,,,,,,,,,,,,,,,,,,,,,,,,1.29,,,,,,,,,,,,,,,15,,,,,,,,,,,,,,,,,,,,,,,63.85,4.53,,,,,,,,,,,,,,,,,,,,,,,,,,,,,,,,,,,,,,,,,,,Damage
Pharah,Bronze,2.51,1.36,41.22,18.67,6.78,45,8099,,9.44,,,,,,,,,45,,,,,11.02,2.84,,,,,,,,,,,,,,,,,,,,,,,,1.19,,,,,,,,,,,,,,,14,,,,,,,,,,,,,,,,,,,,,,,60.94,4.52,,,,,,,,,,,,,,,,,,,,,,,,,,,,,,,,,,,,,,,,,,,Damage
Pharah,Silver,2.60,1.68,49.20,19.84,6.79,44,8253,,9.23,,,,,,,,,46,,,,,11.48,2.86,,,,,,,,,,,,,,,,,,,,,,,,1.25,,,,,,,,,,,,,,,14,,,,,,,,,,,,,,,,,,,,,,,62.00,4.37,,,,,,,,,,,,,,,,,,,,,,,,,,,,,,,,,,,,,,,,,,,Damage
Pharah,Gold,2.65,1.37,47.64,20.17,7.07,42,8574,,9.29,,,,,,,,,46,,,,,12.14,2.89,,,,,,,,,,,,,,,,,,,,,,,,1.27,,,,,,,,,,,,,,,15,,,,,,,,,,,,,,,,,,,,,,,63.23,4.77,,,,,,,,,,,,,,,,,,,,,,,,,,,,,,,,,,,,,,,,,,,Damage
Pharah,Platinum,2.43,1.38,42.52,19.26,6.46,43,8329,,9.67,,,,,,,,,46,,,,,11.61,2.65,,,,,,,,,,,,,,,,,,,,,,,,1.23,,,,,,,,,,,,,,,15,,,,,,,,,,,,,,,,,,,,,,,61.03,4.55,,,,,,,,,,,,,,,,,,,,,,,,,,,,,,,,,,,,,,,,,,,Damage
Pharah,Diamond,2.40,1.41,40.99,19.14,6.48,42,8296,,9.75,,,,,,,,,45,,,,,11.35,2.69,,,,,,,,,,,,,,,,,,,,,,,,1.22,,,,,,,,,,,,,,,15,,,,,,,,,,,,,,,,,,,,,,,61.74,4.55,,,,,,,,,,,,,,,,,,,,,,,,,,,,,,,,,,,,,,,,,,,Damage
Pharah,Master,2.40,1.46,41.28,18.65,6.48,43,8157,,9.66,,,,,,,,,45,,,,,11.03,2.74,,,,,,,,,,,,,,,,,,,,,,,,1.19,,,,,,,,,,,,,,,14,,,,,,,,,,,,,,,,,,,,,,,61.09,4.65,,,,,,,,,,,,,,,,,,,,,,,,,,,,,,,,,,,,,,,,,,,Damage
Pharah,Grandmaster,2.38,1.70,41.14,18.48,6.55,43,8100,,9.69,,,,,,,,,45,,,,,10.89,2.80,,,,,,,,,,,,,,,,,,,,,,,,1.20,,,,,,,,,,,,,,,15,,,,,,,,,,,,,,,,,,,,,,,60.72,4.59,,,,,,,,,,,,,,,,,,,,,,,,,,,,,,,,,,,,,,,,,,,Damage
Baptiste,All,3.44,4.00,49.75,9.91,4.72,67,3332,8018,7.57,,,,,,,452.51,,28,9,,,,,,,,,,,,,,,,,,,,,,,,,,,,,,,,,,,,,,,,,,,,,,,,,,,,,,,,,,,,,,,,,,,,,61.97,2.43,1.67,,,,,,,,,,,,,,,,,,,,,,,,,,,,,,,,,,,,,,,,Support
Baptiste,Bronze,2.90,4.44,42.13,8.79,4.39,66,3157,7783,8.05,,,,,,,415.37,,27,9,,,,,,,,,,,,,,,,,,,,,,,,,,,,,,,,,,,,,,,,,,,,,,,,,,,,,,,,,,,,,,,,,,,,,61.01,2.33,1.46,,,,,,,,,,,,,,,,,,,,,,,,,,,,,,,,,,,,,,,,Support
Baptiste,Silver,3.06,2.82,42.69,9.28,4.50,65,3242,7702,8.05,,,,,,,430.17,,27,9,,,,,,,,,,,,,,,,,,,,,,,,,,,,,,,,,,,,,,,,,,,,,,,,,,,,,,,,,,,,,,,,,,,,,61.11,2.34,1.59,,,,,,,,,,,,,,,,,,,,,,,,,,,,,,,,,,,,,,,,Support
Baptiste,Gold,3.17,3.15,44.76,9.38,4.54,67,3289,8001,7.83,,,,,,,438.02,,28,9,,,,,,,,,,,,,,,,,,,,,,,,,,,,,,,,,,,,,,,,,,,,,,,,,,,,,,,,,,,,,,,,,,,,,61.72,2.30,1.65,,,,,,,,,,,,,,,,,,,,,,,,,,,,,,,,,,,,,,,,Support
Baptiste,Platinum,3.08,5.22,49.60,9.14,4.40,64,3290,7990,7.98,,,,,,,438.50,,28,9,,,,,,,,,,,,,,,,,,,,,,,,,,,,,,,,,,,,,,,,,,,,,,,,,,,,,,,,,,,,,,,,,,,,,61.98,2.34,1.56,,,,,,,,,,,,,,,,,,,,,,,,,,,,,,,,,,,,,,,,Support
Baptiste,Diamond,3.00,2.67,39.73,8.85,4.26,65,3207,7900,8.06,,,,,,,428.89,,27,9,,,,,,,,,,,,,,,,,,,,,,,,,,,,,,,,,,,,,,,,,,,,,,,,,,,,,,,,,,,,,,,,,,,,,61.60,2.28,1.55,,,,,,,,,,,,,,,,,,,,,,,,,,,,,,,,,,,,,,,,Support
Baptiste,Master,2.95,2.87,38.58,8.79,4.30,63,3211,7910,8.09,,,,,,,428.06,,28,9,,,,,,,,,,,,,,,,,,,,,,,,,,,,,,,,,,,,,,,,,,,,,,,,,,,,,,,,,,,,,,,,,,,,,61.62,2.25,1.56,,,,,,,,,,,,,,,,,,,,,,,,,,,,,,,,,,,,,,,,Support
Baptiste,Grandmaster,2.82,3.03,36.88,8.63,4.24,65,3186,7805,8.23,,,,,,,418.39,,27,9,,,,,,,,,,,,,,,,,,,,,,,,,,,,,,,,,,,,,,,,,,,,,,,,,,,,,,,,,,,,,,,,,,,,,61.24,2.24,1.50,,,,,,,,,,,,,,,,,,,,,,,,,,,,,,,,,,,,,,,,Support
Winston,All,3.96,1.57,49.54,20.02,7.43,120,7450,,7.06,,,,,,,,,,,,,,,,,,,,,,,,41,,,,,69,,,,,,,,,,,,,,,,,,,,,,,,,,,,,,,,,,,,,,61,,,,,,,,,,,,,,,7.43,1.86,,,,,,,,,,,,,,,,,,,,,,,,,,,,,,,,,,,,,,Tank
Winston,Bronze,3.40,1.39,43.38,18.36,7.44,126,7027,,7.31,,,,,,,,,,,,,,,,,,,,,,,,38,,,,,72,,,,,,,,,,,,,,,,,,,,,,,,,,,,,,,,,,,,,,60,,,,,,,,,,,,,,,6.96,1.88,,,,,,,,,,,,,,,,,,,,,,,,,,,,,,,,,,,,,,Tank
Winston,Silver,3.89,1.39,53.49,19.55,7.56,120,7266,,7.18,,,,,,,,,,,,,,,,,,,,,,,,38,,,,,68,,,,,,,,,,,,,,,,,,,,,,,,,,,,,,,,,,,,,,60,,,,,,,,,,,,,,,7.18,1.96,,,,,,,,,,,,,,,,,,,,,,,,,,,,,,,,,,,,,,Tank
Winston,Gold,4.11,1.14,44.34,19.97,7.51,126,7343,,6.86,,,,,,,,,,,,,,,,,,,,,,,,41,,,,,70,,,,,,,,,,,,,,,,,,,,,,,,,,,,,,,,,,,,,,61,,,,,,,,,,,,,,,7.52,1.90,,,,,,,,,,,,,,,,,,,,,,,,,,,,,,,,,,,,,,Tank
Winston,Platinum,3.60,2.01,48.66,19.30,7.33,123,7398,,7.09,,,,,,,,,,,,,,,,,,,,,,,,39,,,,,67,,,,,,,,,,,,,,,,,,,,,,,,,,,,,,,,,,,,,,62,,,,,,,,,,,,,,,7.54,1.99,,,,,,,,,,,,,,,,,,,,,,,,,,,,,,,,,,,,,,Tank
Winston,Diamond,3.68,2.07,50.19,19.32,7.36,122,7342,,7.01,,,,,,,,,,,,,,,,,,,,,,,,39,,,,,69,,,,,,,,,,,,,,,,,,,,,,,,,,,,,,,,,,,,,,61,,,,,,,,,,,,,,,7.46,2.05,,,,,,,,,,,,,,,,,,,,,,,,,,,,,,,,,,,,,,Tank
Winston,Master,3.56,1.28,46.64,18.76,7.45,125,7169,,7.17,,,,,,,,,,,,,,,,,,,,,,,,38,,,,,70,,,,,,,,,,,,,,,,,,,,,,,,,,,,,,,,,,,,,,61,,,,,,,,,,,,,,,7.23,1.98,,,,,,,,,,,,,,,,,,,,,,,,,,,,,,,,,,,,,,Tank
Winston,Grandmaster,3.60,1.45,46.87,18.84,7.45,125,7163,,7.11,,,,,,,,,,,,,,,,,,,,,,,,38,,,,,70,,,,,,,,,,,,,,,,,,,,,,,,,,,,,,,,,,,,,,61,,,,,,,,,,,,,,,7.27,2.02,,,,,,,,,,,,,,,,,,,,,,,,,,,,,,,,,,,,,,Tank
Sigma,All,4.50,1.35,50.11,17.80,9.15,134,9265,,5.47,,,,,,,,,48,,,,,,,,,,,,,,,,,,,,76,,,,,,,,,,,,,,,,,,,,,,,,,,,,,,,,,,,,,,,,,,,,,,,,,,,,,,,4.90,1397.73,2.86,,,,,,,,,,,,,,,,,,,,,,,,,,,,,,,,,,,Tank
Sigma,Bronze,3.68,1.35,38.49,15.98,8.84,135,8729,,6.22,,,,,,,,,46,,,,,,,,,,,,,,,,,,,,76,,,,,,,,,,,,,,,,,,,,,,,,,,,,,,,,,,,,,,,,,,,,,,,,,,,,,,,4.65,1427.52,2.56,,,,,,,,,,,,,,,,,,,,,,,,,,,,,,,,,,,Tank
Sigma,Silver,3.97,1.18,46.00,16.89,9.09,139,9112,,5.83,,,,,,,,,47,,,,,,,,,,,,,,,,,,,,77,,,,,,,,,,,,,,,,,,,,,,,,,,,,,,,,,,,,,,,,,,,,,,,,,,,,,,,4.79,1435.91,2.71,,,,,,,,,,,,,,,,,,,,,,,,,,,,,,,,,,,Tank
Sigma,Gold,4.25,1.33,46.06,17.54,9.39,129,9180,,5.79,,,,,,,,,48,,,,,,,,,,,,,,,,,,,,77,,,,,,,,,,,,,,,,,,,,,,,,,,,,,,,,,,,,,,,,,,,,,,,,,,,,,,,5.18,1422.87,2.94,,,,,,,,,,,,,,,,,,,,,,,,,,,,,,,,,,,Tank
Sigma,Platinum,3.90,1.29,44.84,16.67,8.85,129,8922,,6.05,,,,,,,,,47,,,,,,,,,,,,,,,,,,,,72,,,,,,,,,,,,,,,,,,,,,,,,,,,,,,,,,,,,,,,,,,,,,,,,,,,,,,,4.89,1424.37,2.66,,,,,,,,,,,,,,,,,,,,,,,,,,,,,,,,,,,Tank
Sigma,Diamond,3.84,1.27,40.13,16.37,8.73,129,8989,,6.12,,,,,,,,,47,,,,,,,,,,,,,,,,,,,,73,,,,,,,,,,,,,,,,,,,,,,,,,,,,,,,,,,,,,,,,,,,,,,,,,,,,,,,4.83,1422.60,2.64,,,,,,,,,,,,,,,,,,,,,,,,,,,,,,,,,,,Tank
Sigma,Master,3.64,1.51,41.72,16.17,8.88,129,8948,,6.18,,,,,,,,,47,,,,,,,,,,,,,,,,,,,,74,,,,,,,,,,,,,,,,,,,,,,,,,,,,,,,,,,,,,,,,,,,,,,,,,,,,,,,4.77,1427.90,2.63,,,,,,,,,,,,,,,,,,,,,,,,,,,,,,,,,,,Tank
Sigma,Grandmaster,3.58,1.27,36.84,16.06,8.90,131,8853,,6.30,,,,,,,,,47,,,,,,,,,,,,,,,,,,,,75,,,,,,,,,,,,,,,,,,,,,,,,,,,,,,,,,,,,,,,,,,,,,,,,,,,,,,,4.84,1442.44,2.62,,,,,,,,,,,,,,,,,,,,,,,,,,,,,,,,,,,Tank
Doomfist,All,3.38,0.23,51.53,16.27,6.70,96,7129,,7.92,,,,,,,,,26,,,,,,,,,,,,,,,,,,,,66,,,,,,,,,,,,,,,,,,,,,,,,,,,,,,,,,,,,,,,,,,,,,,,,,,,,,,,,2206.80,,8.73,7.64,2.33,,,,,,,,,,,,,,,,,,,,,,,,,,,,,,,,Tank
Doomfist,Bronze,3.37,0.20,35.83,15.99,7.19,90,7171,,8.31,,,,,,,,,26,,,,,,,,,,,,,,,,,,,,68,,,,,,,,,,,,,,,,,,,,,,,,,,,,,,,,,,,,,,,,,,,,,,,,,,,,,,,,2166.55,,8.38,6.74,2.71,,,,,,,,,,,,,,,,,,,,,,,,,,,,,,,,Tank
Doomfist,Silver,3.46,0.16,37.64,16.33,7.08,94,7274,,8.11,,,,,,,,,26,,,,,,,,,,,,,,,,,,,,66,,,,,,,,,,,,,,,,,,,,,,,,,,,,,,,,,,,,,,,,,,,,,,,,,,,,,,,,2212.43,,8.76,7.47,2.51,,,,,,,,,,,,,,,,,,,,,,,,,,,,,,,,Tank
Doomfist,Gold,3.30,0.38,52.78,16.00,6.97,96,6978,,8.09,,,,,,,,,26,,,,,,,,,,,,,,,,,,,,68,,,,,,,,,,,,,,,,,,,,,,,,,,,,,,,,,,,,,,,,,,,,,,,,,,,,,,,,2167.27,,8.54,7.19,2.47,,,,,,,,,,,,,,,,,,,,,,,,,,,,,,,,Tank
Doomfist,Platinum,3.55,0.27,40.98,16.58,7.32,94,7304,,7.98,,,,,,,,,26,,,,,,,,,,,,,,,,,,,,71,,,,,,,,,,,,,,,,,,,,,,,,,,,,,,,,,,,,,,,,,,,,,,,,,,,,,,,,2215.89,,8.50,6.98,2.60,,,,,,,,,,,,,,,,,,,,,,,,,,,,,,,,Tank
Doomfist,Diamond,3.19,0.24,35.00,15.48,6.80,86,7141,,8.55,,,,,,,,,26,,,,,,,,,,,,,,,,,,,,66,,,,,,,,,,,,,,,,,,,,,,,,,,,,,,,,,,,,,,,,,,,,,,,,,,,,,,,,2140.82,,8.18,6.49,2.71,,,,,,,,,,,,,,,,,,,,,,,,,,,,,,,,Tank
Doomfist,Master,3.35,0.23,36.07,15.93,7.25,91,7170,,8.33,,,,,,,,,26,,,,,,,,,,,,,,,,,,,,69,,,,,,,,,,,,,,,,,,,,,,,,,,,,,,,,,,,,,,,,,,,,,,,,,,,,,,,,2166.05,,8.34,6.67,2.70,,,,,,,,,,,,,,,,,,,,,,,,,,,,,,,,Tank
Doomfist,Grandmaster,3.37,0.27,36.18,15.99,7.25,91,7182,,8.33,,,,,,,,,26,,,,,,,,,,,,,,,,,,,,69,,,,,,,,,,,,,,,,,,,,,,,,,,,,,,,,,,,,,,,,,,,,,,,,,,,,,,,,2168.34,,8.36,6.68,2.71,,,,,,,,,,,,,,,,,,,,,,,,,,,,,,,,Tank
Brigitte,All,4.71,1.48,51.12,13.19,5.74,97,3720,7556,8.26,,,,,,,,,,,,,,,,,,,,,,,,,,,,,,,,,,,,,,,,,,,,,,,,,,,,,,,,,,,,,,,,,,,,,,,,,,,,,,,,,,,,,1191.98,,,,,30,,,,,,,,,,,,,,,,,,,,,,,,,,,,,,,Support
Brigitte,Bronze,4.40,1.08,41.31,12.78,5.79,109,3686,7205,8.51,,,,,,,,,,,,,,,,,,,,,,,,,,,,,,,,,,,,,,,,,,,,,,,,,,,,,,,,,,,,,,,,,,,,,,,,,,,,,,,,,,,,,1219.71,,,,,30,,,,,,,,,,,,,,,,,,,,,,,,,,,,,,,Support
Brigitte,Silver,4.46,1.35,52.68,12.93,5.81,108,3699,7296,8.58,,,,,,,,,,,,,,,,,,,,,,,,,,,,,,,,,,,,,,,,,,,,,,,,,,,,,,,,,,,,,,,,,,,,,,,,,,,,,,,,,,,,,1194.81,,,,,30,,,,,,,,,,,,,,,,,,,,,,,,,,,,,,,Support
Brigitte,Gold,4.77,1.48,51.23,13.65,6.10,101,3804,7570,8.40,,,,,,,,,,,,,,,,,,,,,,,,,,,,,,,,,,,,,,,,,,,,,,,,,,,,,,,,,,,,,,,,,,,,,,,,,,,,,,,,,,,,,1250.95,,,,,31,,,,,,,,,,,,,,,,,,,,,,,,,,,,,,,Support
Brigitte,Platinum,4.45,1.03,44.18,13.28,5.80,109,3768,7276,8.56,,,,,,,,,,,,,,,,,,,,,,,,,,,,,,,,,,,,,,,,,,,,,,,,,,,,,,,,,,,,,,,,,,,,,,,,,,,,,,,,,,,,,1259.85,,,,,30,,,,,,,,,,,,,,,,,,,,,,,,,,,,,,,Support
Brigitte,Diamond,4.38,1.14,41.49,12.97,5.86,112,3747,7405,8.50,,,,,,,,,,,,,,,,,,,,,,,,,,,,,,,,,,,,,,,,,,,,,,,,,,,,,,,,,,,,,,,,,,,,,,,,,,,,,,,,,,,,,1316.64,,,,,31,,,,,,,,,,,,,,,,,,,,,,,,,,,,,,,Support
Brigitte,Master,4.35,1.35,45.25,12.99,5.81,111,3743,7282,8.61,,,,,,,,,,,,,,,,,,,,,,,,,,,,,,,,,,,,,,,,,,,,,,,,,,,,,,,,,,,,,,,,,,,,,,,,,,,,,,,,,,,,,1287.72,,,,,30,,,,,,,,,,,,,,,,,,,,,,,,,,,,,,,Support
Brigitte,Grandmaster,4.36,1.07,42.85,13.10,5.96,114,3757,7237,8.67,,,,,,,,,,,,,,,,,,,,,,,,,,,,,,,,,,,,,,,,,,,,,,,,,,,,,,,,,,,,,,,,,,,,,,,,,,,,,,,,,,,,,1285.69,,,,,30,,,,,,,,,,,,,,,,,,,,,,,,,,,,,,,Support
Bastion,All,2.49,0.85,46.89,18.31,8.02,54,9327,,8.99,,,,,,,,,26,,,,,9.18,1.28,,,,,,,,,,,,,,,,,,,,,,,,,,,,,,,,,,,,,,,,,,,,,,,,,,,,,,,,,,,,,,,,,,,,,,,,,,,,—,9.51,10.90,4.02,1.55,,,,,,,,,,,,,,,,,,,,,,,,,,Damage
Bastion,Bronze,2.16,0.74,37.12,17.19,7.88,55,8701,,9.48,,,,,,,,,25,,,,,8.35,1.27,,,,,,,,,,,,,,,,,,,,,,,,,,,,,,,,,,,,,,,,,,,,,,,,,,,,,,,,,,,,,,,,,,,,,,,,,,,,—,8.80,10.46,3.95,1.44,,,,,,,,,,,,,,,,,,,,,,,,,,Damage
Bastion,Silver,2.20,0.82,35.95,17.06,7.37,53,8914,,9.26,,,,,,,,,25,,,,,8.63,1.22,,,,,,,,,,,,,,,,,,,,,,,,,,,,,,,,,,,,,,,,,,,,,,,,,,,,,,,,,,,,,,,,,,,,,,,,,,,,—,8.88,10.25,3.93,1.41,,,,,,,,,,,,,,,,,,,,,,,,,,Damage
Bastion,Gold,2.34,0.94,46.91,17.63,7.64,54,8995,,9.27,,,,,,,,,26,,,,,8.68,1.32,,,,,,,,,,,,,,,,,,,,,,,,,,,,,,,,,,,,,,,,,,,,,,,,,,,,,,,,,,,,,,,,,,,,,,,,,,,,—,9.03,10.25,3.94,1.57,,,,,,,,,,,,,,,,,,,,,,,,,,Damage
Bastion,Platinum,2.13,1.15,41.74,16.75,7.21,55,8841,,9.46,,,,,,,,,25,,,,,8.43,1.21,,,,,,,,,,,,,,,,,,,,,,,,,,,,,,,,,,,,,,,,,,,,,,,,,,,,,,,,,,,,,,,,,,,,,,,,,,,,—,8.58,10.06,4.08,1.20,,,,,,,,,,,,,,,,,,,,,,,,,,Damage
Bastion,Diamond,2.10,0.73,34.82,16.45,7.12,56,8778,,9.45,,,,,,,,,25,,,,,8.20,1.20,,,,,,,,,,,,,,,,,,,,,,,,,,,,,,,,,,,,,,,,,,,,,,,,,,,,,,,,,,,,,,,,,,,,,,,,,,,,—,8.28,9.95,3.95,1.30,,,,,,,,,,,,,,,,,,,,,,,,,,Damage
Bastion,Master,2.17,0.76,33.50,16.27,6.89,53,8617,,9.54,,,,,,,,,25,,,,,8.12,1.22,,,,,,,,,,,,,,,,,,,,,,,,,,,,,,,,,,,,,,,,,,,,,,,,,,,,,,,,,,,,,,,,,,,,,,,,,,,,—,8.28,9.76,3.96,1.31,,,,,,,,,,,,,,,,,,,,,,,,,,Damage
Bastion,Grandmaster,2.03,0.88,33.30,16.21,7.02,54,8556,,9.62,,,,,,,,,25,,,,,8.03,1.22,,,,,,,,,,,,,,,,,,,,,,,,,,,,,,,,,,,,,,,,,,,,,,,,,,,,,,,,,,,,,,,,,,,,,,,,,,,,—,8.23,9.73,3.94,1.29,,,,,,,,,,,,,,,,,,,,,,,,,,Damage
Mei,All,3.75,1.02,51.38,17.90,8.38,99,6757,,7.42,,,,,,,,,46,,,,,7.53,1.38,,,,,,,,,,,,,,,,,,,,,,,,,,,,,,,,,,,1154.17,,,,,,,,,,,,,,,,,,,,,,,,,,,,,,,,,,,,,,,,,,,,,,27,18,3.98,3.72,,,,,,,,,,,,,,,,,,,,,,Damage
Mei,Bronze,3.50,0.65,43.03,16.96,7.97,107,6454,,7.53,,,,,,,,,44,,,,,7.13,1.72,,,,,,,,,,,,,,,,,,,,,,,,,,,,,,,,,,,1184.06,,,,,,,,,,,,,,,,,,,,,,,,,,,,,,,,,,,,,,,,,,,,,,25,18,4.46,3.37,,,,,,,,,,,,,,,,,,,,,,Damage
Mei,Silver,3.37,1.25,50.13,17.02,8.26,102,6439,,7.69,,,,,,,,,45,,,,,7.31,1.46,,,,,,,,,,,,,,,,,,,,,,,,,,,,,,,,,,,1247.02,,,,,,,,,,,,,,,,,,,,,,,,,,,,,,,,,,,,,,,,,,,,,,26,18,4.22,3.44,,,,,,,,,,,,,,,,,,,,,,Damage
Mei,Gold,3.59,0.80,44.77,17.45,8.08,100,6852,,7.56,,,,,,,,,46,,,,,7.46,1.51,,,,,,,,,,,,,,,,,,,,,,,,,,,,,,,,,,,1193.10,,,,,,,,,,,,,,,,,,,,,,,,,,,,,,,,,,,,,,,,,,,,,,26,19,4.38,3.54,,,,,,,,,,,,,,,,,,,,,,Damage
Mei,Platinum,3.98,0.86,46.10,17.76,7.73,98,6656,,7.10,,,,,,,,,46,,,,,7.14,1.50,,,,,,,,,,,,,,,,,,,,,,,,,,,,,,,,,,,1209.32,,,,,,,,,,,,,,,,,,,,,,,,,,,,,,,,,,,,,,,,,,,,,,25,19,4.13,3.13,,,,,,,,,,,,,,,,,,,,,,Damage
Mei,Diamond,3.67,0.72,42.08,17.19,7.67,104,6621,,7.25,,,,,,,,,45,,,,,7.10,1.55,,,,,,,,,,,,,,,,,,,,,,,,,,,,,,,,,,,1191.77,,,,,,,,,,,,,,,,,,,,,,,,,,,,,,,,,,,,,,,,,,,,,,24,19,4.43,3.10,,,,,,,,,,,,,,,,,,,,,,Damage
Mei,Master,3.42,0.58,36.95,16.38,7.64,101,6381,,7.37,,,,,,,,,43,,,,,6.84,1.65,,,,,,,,,,,,,,,,,,,,,,,,,,,,,,,,,,,1226.02,,,,,,,,,,,,,,,,,,,,,,,,,,,,,,,,,,,,,,,,,,,,,,24,19,4.57,2.98,,,,,,,,,,,,,,,,,,,,,,Damage
Mei,Grandmaster,3.48,0.68,37.43,16.70,7.65,104,6479,,7.45,,,,,,,,,44,,,,,6.99,1.67,,,,,,,,,,,,,,,,,,,,,,,,,,,,,,,,,,,1244.25,,,,,,,,,,,,,,,,,,,,,,,,,,,,,,,,,,,,,,,,,,,,,,24,19,4.58,3.04,,,,,,,,,,,,,,,,,,,,,,Damage
Torbjorn,All,2.96,0.41,57.66,18.67,7.81,50,9353,,7.16,,,,,,,,,26,8,,,,9.12,1.86,,,,,,,,,,,,,,,,,,,,,,,,,,,,,,,,,,,,,,,,,,,,,,,,,,,,,,,,,,,,,,,,,,,,,,,,,,,,,,,,,,,,,0.79,9.79,2.79,,,,,,,,,,,,,,,,,,,Damage
Torbjorn,Bronze,2.60,0.33,54.00,16.41,6.99,57,8584,,7.50,,,,,,,,,25,7,,,,8.17,1.77,,,,,,,,,,,,,,,,,,,,,,,,,,,,,,,,,,,,,,,,,,,,,,,,,,,,,,,,,,,,,,,,,,,,,,,,,,,,,,,,,,,,,0.92,9.14,2.63,,,,,,,,,,,,,,,,,,,Damage
Torbjorn,Silver,2.79,0.31,50.07,18.05,7.20,56,9156,,7.31,,,,,,,,,25,7,,,,8.71,1.74,,,,,,,,,,,,,,,,,,,,,,,,,,,,,,,,,,,,,,,,,,,,,,,,,,,,,,,,,,,,,,,,,,,,,,,,,,,,,,,,,,,,,0.69,9.93,2.43,,,,,,,,,,,,,,,,,,,Damage
Torbjorn,Gold,3.05,0.43,56.33,18.84,7.75,49,9451,,7.17,,,,,,,,,27,7,,,,9.29,2.18,,,,,,,,,,,,,,,,,,,,,,,,,,,,,,,,,,,,,,,,,,,,,,,,,,,,,,,,,,,,,,,,,,,,,,,,,,,,,,,,,,,,,1.07,9.95,2.84,,,,,,,,,,,,,,,,,,,Damage
Torbjorn,Platinum,2.98,0.52,59.62,18.09,6.97,60,9151,,7.04,,,,,,,,,26,7,,,,8.98,1.70,,,,,,,,,,,,,,,,,,,,,,,,,,,,,,,,,,,,,,,,,,,,,,,,,,,,,,,,,,,,,,,,,,,,,,,,,,,,,,,,,,,,,0.42,9.29,2.62,,,,,,,,,,,,,,,,,,,Damage
Torbjorn,Diamond,2.87,0.37,53.83,17.47,6.77,60,8957,,6.98,,,,,,,,,25,7,,,,8.29,1.79,,,,,,,,,,,,,,,,,,,,,,,,,,,,,,,,,,,,,,,,,,,,,,,,,,,,,,,,,,,,,,,,,,,,,,,,,,,,,,,,,,,,,0.92,8.83,2.48,,,,,,,,,,,,,,,,,,,Damage
Torbjorn,Master,2.85,0.35,52.38,17.18,6.69,58,8962,,7.10,,,,,,,,,25,7,,,,8.21,1.82,,,,,,,,,,,,,,,,,,,,,,,,,,,,,,,,,,,,,,,,,,,,,,,,,,,,,,,,,,,,,,,,,,,,,,,,,,,,,,,,,,,,,0.69,9.17,2.44,,,,,,,,,,,,,,,,,,,Damage
Torbjorn,Grandmaster,2.81,0.37,52.20,17.21,6.70,60,8902,,7.20,,,,,,,,,25,7,,,,8.39,1.86,,,,,,,,,,,,,,,,,,,,,,,,,,,,,,,,,,,,,,,,,,,,,,,,,,,,,,,,,,,,,,,,,,,,,,,,,,,,,,,,,,,,,0.92,9.23,2.46,,,,,,,,,,,,,,,,,,,Damage
Symmetra,All,3.83,0.46,51.87,20.29,9.78,81,8000,,8.16,,,,,,,,,,,,,,8.20,1.45,,,,,,,,,35,,,,,,,,,,,,,,,,,,,,,,,,,,,,,,,,,,,,,,,,,,,38,,,,,,,,,,,,,,,,,,,,,,,,,,,,,,,,,,,,1.77,15.55,10.33,,,,,,,,,,,,,,,,Damage
Symmetra,Bronze,4.38,0.23,44.57,19.78,10.01,93,7471,,7.52,,,,,,,,,,,,,,7.20,1.97,,,,,,,,,33,,,,,,,,,,,,,,,,,,,,,,,,,,,,,,,,,,,,,,,,,,,36,,,,,,,,,,,,,,,,,,,,,,,,,,,,,,,,,,,,1.57,12.69,11.58,,,,,,,,,,,,,,,,Damage
Symmetra,Silver,3.66,0.37,45.10,18.66,9.98,85,7478,,8.38,,,,,,,,,,,,,,7.12,1.51,,,,,,,,,36,,,,,,,,,,,,,,,,,,,,,,,,,,,,,,,,,,,,,,,,,,,37,,,,,,,,,,,,,,,,,,,,,,,,,,,,,,,,,,,,1.65,12.80,9.73,,,,,,,,,,,,,,,,Damage
Symmetra,Gold,4.09,0.40,48.96,20.46,9.50,85,7946,,7.75,,,,,,,,,,,,,,7.75,1.77,,,,,,,,,33,,,,,,,,,,,,,,,,,,,,,,,,,,,,,,,,,,,,,,,,,,,38,,,,,,,,,,,,,,,,,,,,,,,,,,,,,,,,,,,,1.74,15.55,11.00,,,,,,,,,,,,,,,,Damage
Symmetra,Platinum,3.92,0.36,43.56,19.57,9.76,85,7572,,8.10,,,,,,,,,,,,,,7.17,1.86,,,,,,,,,32,,,,,,,,,,,,,,,,,,,,,,,,,,,,,,,,,,,,,,,,,,,35,,,,,,,,,,,,,,,,,,,,,,,,,,,,,,,,,,,,1.61,13.30,11.35,,,,,,,,,,,,,,,,Damage
Symmetra,Diamond,4.02,0.57,54.19,19.67,9.37,79,7602,,7.90,,,,,,,,,,,,,,6.93,1.89,,,,,,,,,32,,,,,,,,,,,,,,,,,,,,,,,,,,,,,,,,,,,,,,,,,,,37,,,,,,,,,,,,,,,,,,,,,,,,,,,,,,,,,,,,1.64,17.25,11.33,,,,,,,,,,,,,,,,Damage
Symmetra,Master,4.06,0.25,44.67,19.14,9.63,87,7368,,7.86,,,,,,,,,,,,,,6.65,2.05,,,,,,,,,32,,,,,,,,,,,,,,,,,,,,,,,,,,,,,,,,,,,,,,,,,,,36,,,,,,,,,,,,,,,,,,,,,,,,,,,,,,,,,,,,1.58,14.21,11.19,,,,,,,,,,,,,,,,Damage
Symmetra,Grandmaster,4.11,0.28,41.64,19.10,9.67,89,7346,,7.81,,,,,,,,,,,,,,6.55,2.07,,,,,,,,,32,,,,,,,,,,,,,,,,,,,,,,,,,,,,,,,,,,,,,,,,,,,36,,,,,,,,,,,,,,,,,,,,,,,,,,,,,,,,,,,,1.56,13.43,11.32,,,,,,,,,,,,,,,,Damage
Sombra,All,5.26,0.92,46.55,16.74,6.56,49,5044,,6.61,,,,,,,,,33,,,,,6.58,1.72,,,,,,,,,,,,,,,,,,,,,,,,,,,,,,,,,,,,,,,,,,,,,,,,,,,,,,,,,,,,,,,,,,,,,,,,,,,,,,,,,,,,,,,,,,,29.19,2.29,3.64,,,,,,,,,,,,,Damage
Sombra,Bronze,6.19,0.57,45.90,14.79,5.42,46,4531,,7.04,,,,,,,,,31,,,,,5.78,1.62,,,,,,,,,,,,,,,,,,,,,,,,,,,,,,,,,,,,,,,,,,,,,,,,,,,,,,,,,,,,,,,,,,,,,,,,,,,,,,,,,,,,,,,,,,,29.30,2.53,3.38,,,,,,,,,,,,,Damage
Sombra,Silver,5.64,0.79,48.01,16.81,6.45,50,4864,,6.91,,,,,,,,,32,,,,,6.55,1.97,,,,,,,,,,,,,,,,,,,,,,,,,,,,,,,,,,,,,,,,,,,,,,,,,,,,,,,,,,,,,,,,,,,,,,,,,,,,,,,,,,,,,,,,,,,28.73,2.28,3.65,,,,,,,,,,,,,Damage
Sombra,Gold,6.04,0.77,42.43,16.21,6.32,51,4949,,6.56,,,,,,,,,32,,,,,6.52,1.74,,,,,,,,,,,,,,,,,,,,,,,,,,,,,,,,,,,,,,,,,,,,,,,,,,,,,,,,,,,,,,,,,,,,,,,,,,,,,,,,,,,,,,,,,,,29.66,2.37,3.62,,,,,,,,,,,,,Damage
Sombra,Platinum,6.67,0.69,50.00,16.29,6.22,47,4742,,6.72,,,,,,,,,31,,,,,6.20,1.82,,,,,,,,,,,,,,,,,,,,,,,,,,,,,,,,,,,,,,,,,,,,,,,,,,,,,,,,,,,,,,,,,,,,,,,,,,,,,,,,,,,,,,,,,,,29.04,2.41,3.28,,,,,,,,,,,,,Damage
Sombra,Diamond,6.22,1.28,51.34,15.83,5.86,44,4952,,6.62,,,,,,,,,32,,,,,6.36,1.62,,,,,,,,,,,,,,,,,,,,,,,,,,,,,,,,,,,,,,,,,,,,,,,,,,,,,,,,,,,,,,,,,,,,,,,,,,,,,,,,,,,,,,,,,,,29.71,2.65,3.67,,,,,,,,,,,,,Damage
Sombra,Master,6.72,0.74,51.01,15.62,5.71,47,4706,,6.86,,,,,,,,,31,,,,,6.07,1.72,,,,,,,,,,,,,,,,,,,,,,,,,,,,,,,,,,,,,,,,,,,,,,,,,,,,,,,,,,,,,,,,,,,,,,,,,,,,,,,,,,,,,,,,,,,29.38,2.58,3.48,,,,,,,,,,,,,Damage
Sombra,Grandmaster,6.81,0.69,49.42,15.53,5.72,48,4660,,6.88,,,,,,,,,31,,,,,6.11,1.80,,,,,,,,,,,,,,,,,,,,,,,,,,,,,,,,,,,,,,,,,,,,,,,,,,,,,,,,,,,,,,,,,,,,,,,,,,,,,,,,,,,,,,,,,,,29.37,2.56,3.46,,,,,,,,,,,,,Damage
Wrecking Ball,All,4.75,0.54,48.21,17.89,9.25,144,7306,,6.13,,,,,,,,,32,12,,,,,,,,,,,,,,,,,,,105,,,,,,,,,,,,,,,,,,,,,,,,,,,,,,,,,,,,,,,,,,,,,,,,,,,,,,,,,,,,,,,,,,,,,,,,,,,,,,,,6.47,7.00,—,,,,,,,,,,Tank
Wrecking Ball,Bronze,4.51,0.40,35.22,15.00,8.15,128,6837,,5.95,,,,,,,,,29,11,,,,,,,,,,,,,,,,,,,106,,,,,,,,,,,,,,,,,,,,,,,,,,,,,,,,,,,,,,,,,,,,,,,,,,,,,,,,,,,,,,,,,,,,,,,,,,,,,,,,4.78,5.27,—,,,,,,,,,,Tank
Wrecking Ball,Silver,4.42,0.84,46.67,16.01,8.21,129,7158,,5.75,,,,,,,,,30,11,,,,,,,,,,,,,,,,,,,101,,,,,,,,,,,,,,,,,,,,,,,,,,,,,,,,,,,,,,,,,,,,,,,,,,,,,,,,,,,,,,,,,,,,,,,,,,,,,,,,4.70,5.38,—,,,,,,,,,,Tank
Wrecking Ball,Gold,5.15,0.55,47.46,18.08,9.21,136,7238,,5.69,,,,,,,,,31,12,,,,,,,,,,,,,,,,,,,108,,,,,,,,,,,,,,,,,,,,,,,,,,,,,,,,,,,,,,,,,,,,,,,,,,,,,,,,,,,,,,,,,,,,,,,,,,,,,,,,6.51,7.54,—,,,,,,,,,,Tank
Wrecking Ball,Platinum,5.11,0.40,35.00,14.96,8.02,124,6854,,5.60,,,,,,,,,30,11,,,,,,,,,,,,,,,,,,,103,,,,,,,,,,,,,,,,,,,,,,,,,,,,,,,,,,,,,,,,,,,,,,,,,,,,,,,,,,,,,,,,,,,,,,,,,,,,,,,,4.87,5.10,—,,,,,,,,,,Tank
Wrecking Ball,Diamond,4.07,0.49,34.09,15.81,8.91,150,6988,,6.58,,,,,,,,,30,11,,,,,,,,,,,,,,,,,,,113,,,,,,,,,,,,,,,,,,,,,,,,,,,,,,,,,,,,,,,,,,,,,,,,,,,,,,,,,,,,,,,,,,,,,,,,,,,,,,,,5.60,5.92,—,,,,,,,,,,Tank
Wrecking Ball,Master,4.66,0.48,34.68,15.97,8.62,135,7004,,6.03,,,,,,,,,30,11,,,,,,,,,,,,,,,,,,,103,,,,,,,,,,,,,,,,,,,,,,,,,,,,,,,,,,,,,,,,,,,,,,,,,,,,,,,,,,,,,,,,,,,,,,,,,,,,,,,,5.70,6.08,—,,,,,,,,,,Tank
Wrecking Ball,Grandmaster,4.62,0.55,35.50,15.06,8.16,128,6882,,5.81,,,,,,,,,29,11,,,,,,,,,,,,,,,,,,,107,,,,,,,,,,,,,,,,,,,,,,,,,,,,,,,,,,,,,,,,,,,,,,,,,,,,,,,,,,,,,,,,,,,,,,,,,,,,,,,,4.80,5.34,—,,,,,,,,,,Tank
Junker Queen,All,3.54,0.45,43.41,16.87,7.17,135,7670,,7.49,,,,,,,,,33,,,,,,,,,,,,,,,,,,,,73,,,,,,,,,,,,,,,,,,,,,,,,,,,,,,,,,,,,,,,,,,,,,,,,,,,,,,,,,,,,,,,,,,,,,,,,,,,,,,,,,,,29,5.89,16,3.15,,,,,,Tank
Junker Queen,Bronze,3.46,0.48,38.64,15.58,6.96,145,7126,,7.28,,,,,,,,,30,,,,,,,,,,,,,,,,,,,,80,,,,,,,,,,,,,,,,,,,,,,,,,,,,,,,,,,,,,,,,,,,,,,,,,,,,,,,,,,,,,,,,,,,,,,,,,,,,,,,,,,,28,5.40,16,2.84,,,,,,Tank
Junker Queen,Silver,3.73,0.43,40.17,16.69,7.18,128,7449,,7.36,,,,,,,,,32,,,,,,,,,,,,,,,,,,,,70,,,,,,,,,,,,,,,,,,,,,,,,,,,,,,,,,,,,,,,,,,,,,,,,,,,,,,,,,,,,,,,,,,,,,,,,,,,,,,,,,,,30,5.74,16,3.36,,,,,,Tank
Junker Queen,Gold,3.58,0.53,42.69,16.68,7.16,152,7777,,7.27,,,,,,,,,33,,,,,,,,,,,,,,,,,,,,79,,,,,,,,,,,,,,,,,,,,,,,,,,,,,,,,,,,,,,,,,,,,,,,,,,,,,,,,,,,,,,,,,,,,,,,,,,,,,,,,,,,29,5.88,16,3.08,,,,,,Tank
Junker Queen,Platinum,3.37,0.49,32.26,16.08,7.10,134,7221,,7.63,,,,,,,,,32,,,,,,,,,,,,,,,,,,,,75,,,,,,,,,,,,,,,,,,,,,,,,,,,,,,,,,,,,,,,,,,,,,,,,,,,,,,,,,,,,,,,,,,,,,,,,,,,,,,,,,,,28,5.61,15,3.00,,,,,,Tank
Junker Queen,Diamond,3.62,0.56,35.64,16.36,7.24,140,7333,,7.21,,,,,,,,,31,,,,,,,,,,,,,,,,,,,,75,,,,,,,,,,,,,,,,,,,,,,,,,,,,,,,,,,,,,,,,,,,,,,,,,,,,,,,,,,,,,,,,,,,,,,,,,,,,,,,,,,,28,5.61,16,3.10,,,,,,Tank
Junker Queen,Master,3.57,0.44,33.73,15.95,7.10,144,7233,,7.26,,,,,,,,,31,,,,,,,,,,,,,,,,,,,,77,,,,,,,,,,,,,,,,,,,,,,,,,,,,,,,,,,,,,,,,,,,,,,,,,,,,,,,,,,,,,,,,,,,,,,,,,,,,,,,,,,,28,5.52,15,3.04,,,,,,Tank
Junker Queen,Grandmaster,3.57,0.52,33.73,15.95,7.10,144,7233,,7.26,,,,,,,,,31,,,,,,,,,,,,,,,,,,,,77,,,,,,,,,,,,,,,,,,,,,,,,,,,,,,,,,,,,,,,,,,,,,,,,,,,,,,,,,,,,,,,,,,,,,,,,,,,,,,,,,,,28,5.52,15,3.04,,,,,,Tank
Echo,All,2.81,0.57,45.46,18.40,7.35,69,7655,,8.63,,,,,,,,,24,,,,,9.30,1.91,,,,,,,,,,,,,,,,,,,,,,,,,,,,,,,,,,,,,,,,,,,,,,,,,,,,,,,,,,,,,,,,,,,,,,,,,,,,,,,,,,,,,,,,,,,,,,,,,,,,,34.86,7.43,24,8.74,2.80,Damage
Echo,Bronze,2.02,0.42,38.81,16.27,7.25,72,6764,,9.37,,,,,,,,,22,,,,,7.88,1.95,,,,,,,,,,,,,,,,,,,,,,,,,,,,,,,,,,,,,,,,,,,,,,,,,,,,,,,,,,,,,,,,,,,,,,,,,,,,,,,,,,,,,,,,,,,,,,,,,,,,,32.54,6.26,23,7.56,2.67,Damage
Echo,Silver,2.07,0.45,30.56,16.58,7.27,67,7050,,9.40,,,,,,,,,24,,,,,8.28,2.03,,,,,,,,,,,,,,,,,,,,,,,,,,,,,,,,,,,,,,,,,,,,,,,,,,,,,,,,,,,,,,,,,,,,,,,,,,,,,,,,,,,,,,,,,,,,,,,,,,,,,33.24,6.66,24,7.73,2.59,Damage
Echo,Gold,2.83,0.43,41.76,18.40,7.50,75,7584,,8.57,,,,,,,,,23,,,,,9.24,2.00,,,,,,,,,,,,,,,,,,,,,,,,,,,,,,,,,,,,,,,,,,,,,,,,,,,,,,,,,,,,,,,,,,,,,,,,,,,,,,,,,,,,,,,,,,,,,,,,,,,,,34.85,7.42,23,8.97,2.78,Damage
Echo,Platinum,2.09,0.37,30.72,16.69,6.99,69,6877,,9.22,,,,,,,,,22,,,,,8.13,1.98,,,,,,,,,,,,,,,,,,,,,,,,,,,,,,,,,,,,,,,,,,,,,,,,,,,,,,,,,,,,,,,,,,,,,,,,,,,,,,,,,,,,,,,,,,,,,,,,,,,,,33.44,6.66,23,7.62,2.87,Damage
Echo,Diamond,2.68,0.80,41.32,17.20,7.23,70,7179,,8.92,,,,,,,,,22,,,,,8.64,1.92,,,,,,,,,,,,,,,,,,,,,,,,,,,,,,,,,,,,,,,,,,,,,,,,,,,,,,,,,,,,,,,,,,,,,,,,,,,,,,,,,,,,,,,,,,,,,,,,,,,,,33.99,7.07,23,7.87,2.91,Damage
Echo,Master,2.08,0.40,30.34,16.84,6.96,69,6858,,9.37,,,,,,,,,22,,,,,8.42,1.94,,,,,,,,,,,,,,,,,,,,,,,,,,,,,,,,,,,,,,,,,,,,,,,,,,,,,,,,,,,,,,,,,,,,,,,,,,,,,,,,,,,,,,,,,,,,,,,,,,,,,33.71,6.56,22,7.74,2.84,Damage
Echo,Grandmaster,2.01,0.38,24.47,16.22,7.16,71,6726,,9.44,,,,,,,,,22,,,,,7.96,2.03,,,,,,,,,,,,,,,,,,,,,,,,,,,,,,,,,,,,,,,,,,,,,,,,,,,,,,,,,,,,,,,,,,,,,,,,,,,,,,,,,,,,,,,,,,,,,,,,,,,,,32.92,6.43,23,7.52,2.72,Damage
