Hero,Skill Tier,KDA Ratio,"Pick Rate, %","Win Rate, %",Eliminations / 10min,Objective Kills / 10min,Objective Time / 10min,Damage / 10min,Healing / 10min,Deaths / 10min,"Scoped Accuracy, %",Biotic Grenade Kills / 10min,Enemies Slept / 10min,Healing Amplified / 10min,Nano Boost Assists / 10min,Blaster Kills / 10min,Damage Amplified / 10min,Players Resurrected / 10min,"Weapon Accuracy, %","Crit Accuracy, %",Kunai Kills / 10min,Effects Cleansed / 10min,Kitsune Rush Assists / 10min,Final Blows / 10min,Solo Kills / 10min,Swift Strike Resets / 10min,Damage Reflected / 10min,Ultimates Reflected / 10min,Dragonblade Kills / 10min,Deadeye Kills / 10min,Magnetic Grenade Attaches,Magnetic Grenade Kills / 10min,"Secondary Accuracy, %",Biotic Orb Kills / 10min,"Ally Coalescence Efficiency, %","Enemy Coalescence Efficiency, %",Coalescence Kills / 10min,Knockbacks / 10min,Sound Barriers / 10min,Objective Contest Time / 10min,Charge Kills / 10min,Fire Strike Kills / 10min,Earthshatter Kills / 10min,Scoped Crits,Recon Assists / 10min,Venom Mine Kills / 10min,"Helix Rocket Accuracy, %",Long Range Kills / 10min,Helix Rocket Kills / 10min,Tactical Visor Kills / 10min,Storm Arrow Kills / 10min,Dragonstrike Kills / 10min,"Charged Volley Accuracy, %",Charged Volley Kills / 10min,Transcendence Healing / 10min,"Micro Missile Kills, % / 10min",Call Mech Kills / 10min,Self-Destruct Kills / 10min,Self Healing / 10min,Chain Hook Kills / 10min,"Chain Hook Accuracy, %",Whole Hog Kills / 10min,Direct Hits,Concussion Mine Kills / 10min,Enemies Trapped / 10min,Rip Tire Kills,"Primary Accuracy, %",High Energy Kills / 10min,"Average Energy, %",Graviton Surge Kills / 10min,Energy Javelin Kills / 10min,Javelin Spin Kills / 10min,Terra Surge Kills / 10min,Low Health Recalls / 10min,Pulse Bombs Stuck / 10min,Pulse Bomb Kills / 10min,Coach Gun Kills / 10min,Dynamite Kills / 10min,Bob Kills / 10min,Death Blossom Kills / 10min,"Charged Shot Accuracy, %","Charged Crit Accuracy, %",Charged Shot Kills / 10min,Disruptor Shot Kills / 10min,Overclock Kills / 10min,Healing Accuracy,Deaths Prevented / 10min,Amp Matrix Assists / 10min,"Airtime, %",Barrage Kills / 10min,Jump Pack Kills / 10min,Primal Rage Kills / 10min,Accretion Kills / 10min,Overhealth / 10min,Gravitic Flux Kills / 10min,Rocket Punch Kills / 10min,Seismic Slam Kills / 10min,Meteor Strike Kills / 10min,Inspire Uptime,Self Healing,Recon Kills / 10min,Assault Kills / 10min,Tactical Grenade Kills / 10min,Artillery Kills / 10min,"Icicle Accuracy, % / 10min","Icicle Crit Accuracy, % / 10min",Enemies Frozen / 10min,Blizzard Kills / 10min,Hammer Kills / 10min,Turret Kills / 10min,Molten Core Kills / 10min,Enemies Hacked / 10min,Low Health Teleports / 10min,EMP Kills / 10min,Average Damage Multiplier,Players Teleported / 10min,Sentry Turret Kills / 10min,"Pummel Accuracy, %",Pummel Kills / 10min,Ravenous Vortex Kills / 10min,Annihilation Kills / 10min,Grappling Claw Kills / 10min,Piledriver Kills / 10min,Minefield Kills,"Jagged Blade Accuracy, %",Carnage Kills / 10min,"Wound Uptime, %",Rampage Kills / 10min,"Focusing Beam Accuracy, %",Focusing Beam Kills / 10min,"Sticky Bomb Accuracy, %",Sticky Bomb Kills / 10min,Duplicate Kills / 10min,Role
Ana,All,4.67,10.33,50.09,9.43,4.10,64,2666,8770,5.81,57,4.78,5.31,409.64,3.14,,,,,,,,,,,,,,,,,,,,,,,,,,,,,,,,,,,,,,,,,,,,,,,,,,,,,,,,,,,,,,,,,,,,,,,,,,,,,,,,,,,,,,,,,,,,,,,,,,,,,,,,,,,,,,,,,,,,,,,Support
Ana,Bronze,4.20,3.13,44.37,8.86,4.12,63,2564,7679,6.33,52,4.37,4.89,368.71,2.73,,,,,,,,,,,,,,,,,,,,,,,,,,,,,,,,,,,,,,,,,,,,,,,,,,,,,,,,,,,,,,,,,,,,,,,,,,,,,,,,,,,,,,,,,,,,,,,,,,,,,,,,,,,,,,,,,,,,,,,Support
Ana,Silver,4.47,3.92,46.14,9.25,4.27,65,2613,8129,6.19,54,4.62,5.09,393.48,2.96,,,,,,,,,,,,,,,,,,,,,,,,,,,,,,,,,,,,,,,,,,,,,,,,,,,,,,,,,,,,,,,,,,,,,,,,,,,,,,,,,,,,,,,,,,,,,,,,,,,,,,,,,,,,,,,,,,,,,,,Support
Ana,Gold,4.68,6.79,48.00,9.48,4.26,65,2649,8575,5.95,56,4.83,5.29,409.02,3.11,,,,,,,,,,,,,,,,,,,,,,,,,,,,,,,,,,,,,,,,,,,,,,,,,,,,,,,,,,,,,,,,,,,,,,,,,,,,,,,,,,,,,,,,,,,,,,,,,,,,,,,,,,,,,,,,,,,,,,,Support
Ana,Platinum,4.77,13.90,49.88,9.56,4.16,64,2673,8890,5.75,58,4.88,5.38,417.31,3.18,,,,,,,,,,,,,,,,,,,,,,,,,,,,,,,,,,,,,,,,,,,,,,,,,,,,,,,,,,,,,,,,,,,,,,,,,,,,,,,,,,,,,,,,,,,,,,,,,,,,,,,,,,,,,,,,,,,,,,,Support
Ana,Diamond,4.78,24.78,51.59,9.50,4.01,63,2687,9092,5.62,59,4.83,5.42,418.76,3.22,,,,,,,,,,,,,,,,,,,,,,,,,,,,,,,,,,,,,,,,,,,,,,,,,,,,,,,,,,,,,,,,,,,,,,,,,,,,,,,,,,,,,,,,,,,,,,,,,,,,,,,,,,,,,,,,,,,,,,,Support
Ana,Master,4.69,28.04,52.30,9.30,3.81,62,2706,9165,5.60,60,4.72,5.41,411.31,3.23,,,,,,,,,,,,,,,,,,,,,,,,,,,,,,,,,,,,,,,,,,,,,,,,,,,,,,,,,,,,,,,,,,,,,,,,,,,,,,,,,,,,,,,,,,,,,,,,,,,,,,,,,,,,,,,,,,,,,,,Support
Ana,Grandmaster,4.66,25.54,52.57,9.25,3.60,59,2818,9164,5.59,60,4.62,5.45,400.69,3.18,,,,,,,,,,,,,,,,,,,,,,,,,,,,,,,,,,,,,,,,,,,,,,,,,,,,,,,,,,,,,,,,,,,,,,,,,,,,,,,,,,,,,,,,,,,,,,,,,,,,,,,,,,,,,,,,,,,,,,,Support
Mercy,All,4.33,6.51,50.01,1.76,0.73,52,315,9054,5.90,,,,,,1.73,1076.60,4.54,,,,,,,,,,,,,,,,,,,,,,,,,,,,,,,,,,,,,,,,,,,,,,,,,,,,,,,,,,,,,,,,,,,,,,,,,,,,,,,,,,,,,,,,,,,,,,,,,,,,,,,,,,,,,,,,,,,,Support
Mercy,Bronze,3.70,3.09,44.36,2.09,1.03,60,380,8788,6.64,,,,,,2.08,737.16,4.31,,,,,,,,,,,,,,,,,,,,,,,,,,,,,,,,,,,,,,,,,,,,,,,,,,,,,,,,,,,,,,,,,,,,,,,,,,,,,,,,,,,,,,,,,,,,,,,,,,,,,,,,,,,,,,,,,,,,Support
Mercy,Silver,4.03,3.04,46.84,2.01,0.95,58,354,9069,6.36,,,,,,2.00,843.82,4.46,,,,,,,,,,,,,,,,,,,,,,,,,,,,,,,,,,,,,,,,,,,,,,,,,,,,,,,,,,,,,,,,,,,,,,,,,,,,,,,,,,,,,,,,,,,,,,,,,,,,,,,,,,,,,,,,,,,,Support
Mercy,Gold,4.29,4.39,48.55,1.92,0.84,55,338,9214,6.07,,,,,,1.90,956.38,4.56,,,,,,,,,,,,,,,,,,,,,,,,,,,,,,,,,,,,,,,,,,,,,,,,,,,,,,,,,,,,,,,,,,,,,,,,,,,,,,,,,,,,,,,,,,,,,,,,,,,,,,,,,,,,,,,,,,,,Support
Mercy,Platinum,4.43,8.25,50.26,1.76,0.71,52,313,9190,5.83,,,,,,1.73,1080.48,4.59,,,,,,,,,,,,,,,,,,,,,,,,,,,,,,,,,,,,,,,,,,,,,,,,,,,,,,,,,,,,,,,,,,,,,,,,,,,,,,,,,,,,,,,,,,,,,,,,,,,,,,,,,,,,,,,,,,,,Support
Mercy,Diamond,4.44,14.30,51.05,1.63,0.62,48,292,9035,5.68,,,,,,1.60,1193.64,4.56,,,,,,,,,,,,,,,,,,,,,,,,,,,,,,,,,,,,,,,,,,,,,,,,,,,,,,,,,,,,,,,,,,,,,,,,,,,,,,,,,,,,,,,,,,,,,,,,,,,,,,,,,,,,,,,,,,,,Support
Mercy,Master,4.37,16.14,50.39,1.54,0.58,45,280,8754,5.71,,,,,,1.50,1279.29,4.45,,,,,,,,,,,,,,,,,,,,,,,,,,,,,,,,,,,,,,,,,,,,,,,,,,,,,,,,,,,,,,,,,,,,,,,,,,,,,,,,,,,,,,,,,,,,,,,,,,,,,,,,,,,,,,,,,,,,Support
Mercy,Grandmaster,4.32,17.81,50.21,1.46,0.54,44,270,8582,5.71,,,,,,1.42,1352.93,4.39,,,,,,,,,,,,,,,,,,,,,,,,,,,,,,,,,,,,,,,,,,,,,,,,,,,,,,,,,,,,,,,,,,,,,,,,,,,,,,,,,,,,,,,,,,,,,,,,,,,,,,,,,,,,,,,,,,,,Support
Kiriko,All,4.99,7.76,46.39,8.16,3.66,70,2363,8995,5.69,,,,,,,,,30,14,8.10,5.28,19.21,,,,,,,,,,,,,,,,,,,,,,,,,,,,,,,,,,,,,,,,,,,,,,,,,,,,,,,,,,,,,,,,,,,,,,,,,,,,,,,,,,,,,,,,,,,,,,,,,,,,,,,,,,,,,,,Support
Kiriko,Bronze,4.51,3.02,42.55,7.33,3.62,72,2126,8150,6.14,,,,,,,,,29,13,7.29,4.30,17.20,,,,,,,,,,,,,,,,,,,,,,,,,,,,,,,,,,,,,,,,,,,,,,,,,,,,,,,,,,,,,,,,,,,,,,,,,,,,,,,,,,,,,,,,,,,,,,,,,,,,,,,,,,,,,,,Support
Kiriko,Silver,4.82,3.28,43.99,7.75,3.74,73,2201,8590,5.99,,,,,,,,,30,14,7.71,4.79,18.46,,,,,,,,,,,,,,,,,,,,,,,,,,,,,,,,,,,,,,,,,,,,,,,,,,,,,,,,,,,,,,,,,,,,,,,,,,,,,,,,,,,,,,,,,,,,,,,,,,,,,,,,,,,,,,,Support
Kiriko,Gold,5.03,5.26,45.10,8.01,3.73,72,2269,8925,5.77,,,,,,,,,30,14,7.95,5.18,19.19,,,,,,,,,,,,,,,,,,,,,,,,,,,,,,,,,,,,,,,,,,,,,,,,,,,,,,,,,,,,,,,,,,,,,,,,,,,,,,,,,,,,,,,,,,,,,,,,,,,,,,,,,,,,,,,Support
Kiriko,Platinum,5.09,10.01,46.17,8.17,3.67,70,2342,9115,5.63,,,,,,,,,31,14,8.11,5.47,19.40,,,,,,,,,,,,,,,,,,,,,,,,,,,,,,,,,,,,,,,,,,,,,,,,,,,,,,,,,,,,,,,,,,,,,,,,,,,,,,,,,,,,,,,,,,,,,,,,,,,,,,,,,,,,,,,Support
Kiriko,Diamond,4.99,16.64,47.13,8.30,3.59,68,2419,9168,5.58,,,,,,,,,31,15,8.24,5.59,19.36,,,,,,,,,,,,,,,,,,,,,,,,,,,,,,,,,,,,,,,,,,,,,,,,,,,,,,,,,,,,,,,,,,,,,,,,,,,,,,,,,,,,,,,,,,,,,,,,,,,,,,,,,,,,,,,Support
Kiriko,Master,4.90,17.99,47.14,8.43,3.53,66,2535,9104,5.59,,,,,,,,,30,15,8.36,5.43,19.27,,,,,,,,,,,,,,,,,,,,,,,,,,,,,,,,,,,,,,,,,,,,,,,,,,,,,,,,,,,,,,,,,,,,,,,,,,,,,,,,,,,,,,,,,,,,,,,,,,,,,,,,,,,,,,,Support
Kiriko,Grandmaster,4.91,22.03,49.32,8.84,3.54,64,2813,9099,5.53,,,,,,,,,30,15,8.76,4.98,19.80,,,,,,,,,,,,,,,,,,,,,,,,,,,,,,,,,,,,,,,,,,,,,,,,,,,,,,,,,,,,,,,,,,,,,,,,,,,,,,,,,,,,,,,,,,,,,,,,,,,,,,,,,,,,,,,Support
Genji,All,2.50,2.96,49.33,18.53,5.34,66,7457,,8.27,,,,,,,,,28,,,,,10.27,1.76,16.63,1884.58,0.11,3.74,,,,,,,,,,,,,,,,,,,,,,,,,,,,,,,,,,,,,,,,,,,,,,,,,,,,,,,,,,,,,,,,,,,,,,,,,,,,,,,,,,,,,,,,,,,,,,,,,,,,,,,,,Damage
Genji,Bronze,2.35,0.78,44.03,16.55,5.51,73,6696,,8.39,,,,,,,,,27,,,,,8.88,2.00,13.23,1825.81,0.20,3.26,,,,,,,,,,,,,,,,,,,,,,,,,,,,,,,,,,,,,,,,,,,,,,,,,,,,,,,,,,,,,,,,,,,,,,,,,,,,,,,,,,,,,,,,,,,,,,,,,,,,,,,,,Damage
Genji,Silver,2.49,0.92,46.77,17.53,5.66,71,6999,,8.30,,,,,,,,,28,,,,,9.43,1.99,14.55,1896.17,0.18,3.44,,,,,,,,,,,,,,,,,,,,,,,,,,,,,,,,,,,,,,,,,,,,,,,,,,,,,,,,,,,,,,,,,,,,,,,,,,,,,,,,,,,,,,,,,,,,,,,,,,,,,,,,,Damage
Genji,Gold,2.51,1.74,47.23,18.31,5.56,68,7327,,8.35,,,,,,,,,28,,,,,10.03,1.92,15.98,1918.08,0.20,3.67,,,,,,,,,,,,,,,,,,,,,,,,,,,,,,,,,,,,,,,,,,,,,,,,,,,,,,,,,,,,,,,,,,,,,,,,,,,,,,,,,,,,,,,,,,,,,,,,,,,,,,,,,Damage
Genji,Platinum,2.52,4.02,48.70,18.73,5.42,66,7523,,8.30,,,,,,,,,29,,,,,10.39,1.80,16.87,1896.76,0.12,3.79,,,,,,,,,,,,,,,,,,,,,,,,,,,,,,,,,,,,,,,,,,,,,,,,,,,,,,,,,,,,,,,,,,,,,,,,,,,,,,,,,,,,,,,,,,,,,,,,,,,,,,,,,Damage
Genji,Diamond,2.51,7.50,50.13,18.93,5.23,64,7619,,8.27,,,,,,,,,29,,,,,10.62,1.69,17.41,1871.52,0.09,3.86,,,,,,,,,,,,,,,,,,,,,,,,,,,,,,,,,,,,,,,,,,,,,,,,,,,,,,,,,,,,,,,,,,,,,,,,,,,,,,,,,,,,,,,,,,,,,,,,,,,,,,,,,Damage
Genji,Master,2.46,8.38,50.70,18.71,4.97,63,7627,,8.19,,,,,,,,,28,,,,,10.56,1.61,17.47,1840.66,0.08,3.87,,,,,,,,,,,,,,,,,,,,,,,,,,,,,,,,,,,,,,,,,,,,,,,,,,,,,,,,,,,,,,,,,,,,,,,,,,,,,,,,,,,,,,,,,,,,,,,,,,,,,,,,,Damage
Genji,Grandmaster,2.51,8.92,52.09,18.33,4.64,60,7645,,8.06,,,,,,,,,28,,,,,10.43,1.56,17.27,1831.33,0.06,3.81,,,,,,,,,,,,,,,,,,,,,,,,,,,,,,,,,,,,,,,,,,,,,,,,,,,,,,,,,,,,,,,,,,,,,,,,,,,,,,,,,,,,,,,,,,,,,,,,,,,,,,,,,Damage
Cassidy,All,2.52,5.51,49.54,18.52,6.95,55,8910,,8.04,,,,,,,,,42,9,,,,11.51,2.02,,,,,2.08,61.22,5.72,,,,,,,,,,,,,,,,,,,,,,,,,,,,,,,,,,,,,,,,,,,,,,,,,,,,,,,,,,,,,,,,,,,,,,,,,,,,,,,,,,,,,,,,,,,,,,,,,,,,,,Damage
Cassidy,Bronze,2.39,1.35,43.17,16.98,6.96,60,7734,,8.26,,,,,,,,,39,8,,,,10.54,2.37,,,,,2.37,57.36,5.50,,,,,,,,,,,,,,,,,,,,,,,,,,,,,,,,,,,,,,,,,,,,,,,,,,,,,,,,,,,,,,,,,,,,,,,,,,,,,,,,,,,,,,,,,,,,,,,,,,,,,,Damage
Cassidy,Silver,2.47,1.78,46.08,17.78,7.11,59,8087,,8.18,,,,,,,,,40,8,,,,11.00,2.33,,,,,2.35,59.18,5.65,,,,,,,,,,,,,,,,,,,,,,,,,,,,,,,,,,,,,,,,,,,,,,,,,,,,,,,,,,,,,,,,,,,,,,,,,,,,,,,,,,,,,,,,,,,,,,,,,,,,,,Damage
Cassidy,Gold,2.54,3.18,47.17,18.35,7.12,57,8531,,8.13,,,,,,,,,42,8,,,,11.41,2.21,,,,,2.27,60.90,5.81,,,,,,,,,,,,,,,,,,,,,,,,,,,,,,,,,,,,,,,,,,,,,,,,,,,,,,,,,,,,,,,,,,,,,,,,,,,,,,,,,,,,,,,,,,,,,,,,,,,,,,Damage
Cassidy,Platinum,2.55,7.13,49.00,18.75,7.03,55,8939,,8.06,,,,,,,,,43,9,,,,11.68,2.07,,,,,2.12,61.58,5.82,,,,,,,,,,,,,,,,,,,,,,,,,,,,,,,,,,,,,,,,,,,,,,,,,,,,,,,,,,,,,,,,,,,,,,,,,,,,,,,,,,,,,,,,,,,,,,,,,,,,,,Damage
Cassidy,Diamond,2.52,13.51,50.19,18.85,6.90,53,9263,,8.00,,,,,,,,,43,9,,,,11.72,1.90,,,,,1.96,61.81,5.73,,,,,,,,,,,,,,,,,,,,,,,,,,,,,,,,,,,,,,,,,,,,,,,,,,,,,,,,,,,,,,,,,,,,,,,,,,,,,,,,,,,,,,,,,,,,,,,,,,,,,,Damage
Cassidy,Master,2.50,16.53,51.46,18.59,6.66,52,9488,,7.93,,,,,,,,,44,9,,,,11.46,1.70,,,,,1.82,61.24,5.53,,,,,,,,,,,,,,,,,,,,,,,,,,,,,,,,,,,,,,,,,,,,,,,,,,,,,,,,,,,,,,,,,,,,,,,,,,,,,,,,,,,,,,,,,,,,,,,,,,,,,,Damage
Cassidy,Grandmaster,2.49,18.03,52.71,18.21,6.31,49,9751,,7.78,,,,,,,,,44,9,,,,11.21,1.55,,,,,1.63,60.76,5.21,,,,,,,,,,,,,,,,,,,,,,,,,,,,,,,,,,,,,,,,,,,,,,,,,,,,,,,,,,,,,,,,,,,,,,,,,,,,,,,,,,,,,,,,,,,,,,,,,,,,,,Damage
Moira,All,6.31,4.81,48.09,18.01,8.52,87,5363,9468,6.09,,,,,,,,,,,,,,,,,,,,,,,50,8.77,46,65,4.03,,,,,,,,,,,,,,,,,,,,,,,,,,,,,,,,,,,,,,,,,,,,,,,,,,,,,,,,,,,,,,,,,,,,,,,,,,,,,,,,,,,,,,,,,,,,,,,,,Support
Moira,Bronze,5.75,3.74,45.74,17.23,8.46,90,5170,8510,6.42,,,,,,,,,,,,,,,,,,,,,,,46,8.58,43,67,3.70,,,,,,,,,,,,,,,,,,,,,,,,,,,,,,,,,,,,,,,,,,,,,,,,,,,,,,,,,,,,,,,,,,,,,,,,,,,,,,,,,,,,,,,,,,,,,,,,,Support
Moira,Silver,6.23,3.47,46.62,17.87,8.71,90,5298,9113,6.23,,,,,,,,,,,,,,,,,,,,,,,48,8.71,46,66,3.97,,,,,,,,,,,,,,,,,,,,,,,,,,,,,,,,,,,,,,,,,,,,,,,,,,,,,,,,,,,,,,,,,,,,,,,,,,,,,,,,,,,,,,,,,,,,,,,,,Support
Moira,Gold,6.41,4.28,47.29,18.15,8.66,89,5371,9495,6.09,,,,,,,,,,,,,,,,,,,,,,,49,8.79,47,65,4.11,,,,,,,,,,,,,,,,,,,,,,,,,,,,,,,,,,,,,,,,,,,,,,,,,,,,,,,,,,,,,,,,,,,,,,,,,,,,,,,,,,,,,,,,,,,,,,,,,Support
Moira,Platinum,6.44,6.16,48.45,18.14,8.52,87,5384,9696,6.01,,,,,,,,,,,,,,,,,,,,,,,50,8.79,47,64,4.10,,,,,,,,,,,,,,,,,,,,,,,,,,,,,,,,,,,,,,,,,,,,,,,,,,,,,,,,,,,,,,,,,,,,,,,,,,,,,,,,,,,,,,,,,,,,,,,,,Support
Moira,Diamond,6.30,7.90,48.71,17.95,8.28,85,5371,9737,6.01,,,,,,,,,,,,,,,,,,,,,,,51,8.68,47,63,4.02,,,,,,,,,,,,,,,,,,,,,,,,,,,,,,,,,,,,,,,,,,,,,,,,,,,,,,,,,,,,,,,,,,,,,,,,,,,,,,,,,,,,,,,,,,,,,,,,,Support
Moira,Master,6.00,6.87,48.12,17.45,8.00,83,5332,9543,6.16,,,,,,,,,,,,,,,,,,,,,,,50,8.52,45,63,3.88,,,,,,,,,,,,,,,,,,,,,,,,,,,,,,,,,,,,,,,,,,,,,,,,,,,,,,,,,,,,,,,,,,,,,,,,,,,,,,,,,,,,,,,,,,,,,,,,,Support
Moira,Grandmaster,5.87,7.53,48.33,17.11,7.76,82,5361,9441,6.25,,,,,,,,,,,,,,,,,,,,,,,50,8.39,44,64,3.88,,,,,,,,,,,,,,,,,,,,,,,,,,,,,,,,,,,,,,,,,,,,,,,,,,,,,,,,,,,,,,,,,,,,,,,,,,,,,,,,,,,,,,,,,,,,,,,,,Support
Lucio,All,4.15,2.32,50.88,12.98,5.94,100,3675,7235,7.20,,,,,,,,,26,8,,,,,,,,,,,,,,,,,,29.78,10.27,,,,,,,,,,,,,,,,,,,,,,,,,,,,,,,,,,,,,,,,,,,,,,,,,,,,,,,,,,,,,,,,,,,,,,,,,,,,,,,,,,,,,,,,,,,,,,,Support
Lucio,Bronze,3.77,1.34,45.40,11.73,6.22,116,3368,8062,7.43,,,,,,,,,24,8,,,,,,,,,,,,,,,,,,25.94,10.82,,,,,,,,,,,,,,,,,,,,,,,,,,,,,,,,,,,,,,,,,,,,,,,,,,,,,,,,,,,,,,,,,,,,,,,,,,,,,,,,,,,,,,,,,,,,,,,Support
Lucio,Silver,4.01,1.24,48.45,12.51,6.35,112,3526,7981,7.35,,,,,,,,,25,8,,,,,,,,,,,,,,,,,,27.83,10.77,,,,,,,,,,,,,,,,,,,,,,,,,,,,,,,,,,,,,,,,,,,,,,,,,,,,,,,,,,,,,,,,,,,,,,,,,,,,,,,,,,,,,,,,,,,,,,,Support
Lucio,Gold,4.20,1.59,49.75,13.00,6.18,105,3662,7647,7.25,,,,,,,,,26,8,,,,,,,,,,,,,,,,,,29.52,10.52,,,,,,,,,,,,,,,,,,,,,,,,,,,,,,,,,,,,,,,,,,,,,,,,,,,,,,,,,,,,,,,,,,,,,,,,,,,,,,,,,,,,,,,,,,,,,,,Support
Lucio,Platinum,4.23,2.68,50.77,13.20,5.98,99,3719,7250,7.20,,,,,,,,,26,9,,,,,,,,,,,,,,,,,,30.34,10.23,,,,,,,,,,,,,,,,,,,,,,,,,,,,,,,,,,,,,,,,,,,,,,,,,,,,,,,,,,,,,,,,,,,,,,,,,,,,,,,,,,,,,,,,,,,,,,,Support
Lucio,Diamond,4.15,4.49,51.49,13.13,5.73,94,3712,6853,7.21,,,,,,,,,26,8,,,,,,,,,,,,,,,,,,30.24,9.95,,,,,,,,,,,,,,,,,,,,,,,,,,,,,,,,,,,,,,,,,,,,,,,,,,,,,,,,,,,,,,,,,,,,,,,,,,,,,,,,,,,,,,,,,,,,,,,Support
Lucio,Master,4.07,5.91,50.47,12.87,5.55,91,3697,6660,7.22,,,,,,,,,26,8,,,,,,,,,,,,,,,,,,29.66,9.95,,,,,,,,,,,,,,,,,,,,,,,,,,,,,,,,,,,,,,,,,,,,,,,,,,,,,,,,,,,,,,,,,,,,,,,,,,,,,,,,,,,,,,,,,,,,,,,Support
Lucio,Grandmaster,4.21,9.58,52.38,12.71,5.33,87,3803,6580,6.91,,,,,,,,,25,8,,,,,,,,,,,,,,,,,,30.05,10.25,,,,,,,,,,,,,,,,,,,,,,,,,,,,,,,,,,,,,,,,,,,,,,,,,,,,,,,,,,,,,,,,,,,,,,,,,,,,,,,,,,,,,,,,,,,,,,,Support
Reinhardt,All,3.31,4.68,54.18,17.51,6.52,122,8885,,6.74,,,,,,,,,,,,,,,,,,,,,,,,,,,,,,74,4.06,7.73,3.63,,,,,,,,,,,,,,,,,,,,,,,,,,,,,,,,,,,,,,,,,,,,,,,,,,,,,,,,,,,,,,,,,,,,,,,,,,,,,,,,,,,,,,,,,,,Tank
Reinhardt,Bronze,3.06,1.96,49.21,16.55,6.62,131,7833,,7.13,,,,,,,,,,,,,,,,,,,,,,,,,,,,,,76,4.26,6.41,3.26,,,,,,,,,,,,,,,,,,,,,,,,,,,,,,,,,,,,,,,,,,,,,,,,,,,,,,,,,,,,,,,,,,,,,,,,,,,,,,,,,,,,,,,,,,,Tank
Reinhardt,Silver,3.30,2.33,51.28,17.32,6.80,129,8359,,6.89,,,,,,,,,,,,,,,,,,,,,,,,,,,,,,76,4.25,7.11,3.57,,,,,,,,,,,,,,,,,,,,,,,,,,,,,,,,,,,,,,,,,,,,,,,,,,,,,,,,,,,,,,,,,,,,,,,,,,,,,,,,,,,,,,,,,,,Tank
Reinhardt,Gold,3.38,3.59,53.03,17.66,6.72,125,8800,,6.76,,,,,,,,,,,,,,,,,,,,,,,,,,,,,,75,4.19,7.64,3.72,,,,,,,,,,,,,,,,,,,,,,,,,,,,,,,,,,,,,,,,,,,,,,,,,,,,,,,,,,,,,,,,,,,,,,,,,,,,,,,,,,,,,,,,,,,Tank
Reinhardt,Platinum,3.33,6.31,54.13,17.64,6.52,121,9053,,6.72,,,,,,,,,,,,,,,,,,,,,,,,,,,,,,73,4.04,7.95,3.72,,,,,,,,,,,,,,,,,,,,,,,,,,,,,,,,,,,,,,,,,,,,,,,,,,,,,,,,,,,,,,,,,,,,,,,,,,,,,,,,,,,,,,,,,,,Tank
Reinhardt,Diamond,3.19,9.73,54.84,17.37,6.25,117,9071,,6.74,,,,,,,,,,,,,,,,,,,,,,,,,,,,,,71,3.91,7.99,3.58,,,,,,,,,,,,,,,,,,,,,,,,,,,,,,,,,,,,,,,,,,,,,,,,,,,,,,,,,,,,,,,,,,,,,,,,,,,,,,,,,,,,,,,,,,,Tank
Reinhardt,Master,3.08,10.97,55.31,16.85,6.01,114,8864,,6.82,,,,,,,,,,,,,,,,,,,,,,,,,,,,,,70,3.78,7.73,3.36,,,,,,,,,,,,,,,,,,,,,,,,,,,,,,,,,,,,,,,,,,,,,,,,,,,,,,,,,,,,,,,,,,,,,,,,,,,,,,,,,,,,,,,,,,,Tank
Reinhardt,Grandmaster,2.98,12.18,55.53,16.37,5.74,114,8496,,6.89,,,,,,,,,,,,,,,,,,,,,,,,,,,,,,69,3.71,7.35,3.16,,,,,,,,,,,,,,,,,,,,,,,,,,,,,,,,,,,,,,,,,,,,,,,,,,,,,,,,,,,,,,,,,,,,,,,,,,,,,,,,,,,,,,,,,,,Tank
Widowmaker,All,2.60,2.09,47.95,16.11,3.79,23,5960,,8.17,46,,,,,,,,,,,,,11.21,4.48,,,,,,,,,,,,,,,,,,,—,3.43,1.20,,,,,,,,,,,,,,,,,,,,,,,,,,,,,,,,,,,,,,,,,,,,,,,,,,,,,,,,,,,,,,,,,,,,,,,,,,,,,,,,,,,,,,,,Damage
Widowmaker,Bronze,2.78,0.68,41.00,14.81,3.98,19,5533,,7.61,45,,,,,,,,,,,,,10.03,4.17,,,,,,,,,,,,,,,,,,,—,3.34,1.59,,,,,,,,,,,,,,,,,,,,,,,,,,,,,,,,,,,,,,,,,,,,,,,,,,,,,,,,,,,,,,,,,,,,,,,,,,,,,,,,,,,,,,,,Damage
Widowmaker,Silver,2.83,0.77,44.25,15.72,4.02,21,5823,,7.70,46,,,,,,,,,,,,,10.80,4.42,,,,,,,,,,,,,,,,,,,—,3.51,1.52,,,,,,,,,,,,,,,,,,,,,,,,,,,,,,,,,,,,,,,,,,,,,,,,,,,,,,,,,,,,,,,,,,,,,,,,,,,,,,,,,,,,,,,,Damage
Widowmaker,Gold,2.75,1.25,45.59,16.23,3.98,22,5970,,7.98,46,,,,,,,,,,,,,11.22,4.51,,,,,,,,,,,,,,,,,,,—,3.53,1.40,,,,,,,,,,,,,,,,,,,,,,,,,,,,,,,,,,,,,,,,,,,,,,,,,,,,,,,,,,,,,,,,,,,,,,,,,,,,,,,,,,,,,,,,Damage
Widowmaker,Platinum,2.62,2.56,47.30,16.37,3.88,24,6023,,8.20,46,,,,,,,,,,,,,11.42,4.56,,,,,,,,,,,,,,,,,,,—,3.46,1.24,,,,,,,,,,,,,,,,,,,,,,,,,,,,,,,,,,,,,,,,,,,,,,,,,,,,,,,,,,,,,,,,,,,,,,,,,,,,,,,,,,,,,,,,Damage
Widowmaker,Diamond,2.49,4.76,48.61,16.25,3.72,23,5996,,8.41,46,,,,,,,,,,,,,11.40,4.52,,,,,,,,,,,,,,,,,,,—,3.40,1.07,,,,,,,,,,,,,,,,,,,,,,,,,,,,,,,,,,,,,,,,,,,,,,,,,,,,,,,,,,,,,,,,,,,,,,,,,,,,,,,,,,,,,,,,Damage
Widowmaker,Master,2.43,6.83,49.90,15.86,3.53,22,5930,,8.46,46,,,,,,,,,,,,,11.09,4.37,,,,,,,,,,,,,,,,,,,—,3.32,0.98,,,,,,,,,,,,,,,,,,,,,,,,,,,,,,,,,,,,,,,,,,,,,,,,,,,,,,,,,,,,,,,,,,,,,,,,,,,,,,,,,,,,,,,,Damage
Widowmaker,Grandmaster,2.41,6.81,50.90,15.40,3.29,20,5905,,8.35,45,,,,,,,,,,,,,10.72,4.25,,,,,,,,,,,,,,,,,,,—,3.32,0.88,,,,,,,,,,,,,,,,,,,,,,,,,,,,,,,,,,,,,,,,,,,,,,,,,,,,,,,,,,,,,,,,,,,,,,,,,,,,,,,,,,,,,,,,Damage
Soldier: 76,All,2.98,4.62,48.22,19.55,7.51,53,9328,1340,8.04,,,,,,,,,35,7,,,,9.93,1.62,,,,,,,,,,,,,,,,,,,,,,57,1.52,7.45,3.35,,,,,,,,,,,,,,,,,,,,,,,,,,,,,,,,,,,,,,,,,,,,,,,,,,,,,,,,,,,,,,,,,,,,,,,,,,,,,,,,,,,,Damage
Soldier: 76,Bronze,2.80,2.22,43.32,18.32,7.92,64,8430,1356,8.52,,,,,,,,,32,7,,,,9.19,1.81,,,,,,,,,,,,,,,,,,,,,,54,1.38,6.31,3.33,,,,,,,,,,,,,,,,,,,,,,,,,,,,,,,,,,,,,,,,,,,,,,,,,,,,,,,,,,,,,,,,,,,,,,,,,,,,,,,,,,,,Damage
Soldier: 76,Silver,2.92,2.57,45.63,19.12,7.94,60,8821,1354,8.33,,,,,,,,,33,7,,,,9.63,1.81,,,,,,,,,,,,,,,,,,,,,,56,1.45,6.80,3.42,,,,,,,,,,,,,,,,,,,,,,,,,,,,,,,,,,,,,,,,,,,,,,,,,,,,,,,,,,,,,,,,,,,,,,,,,,,,,,,,,,,,Damage
Soldier: 76,Gold,3.00,3.44,46.50,19.59,7.74,55,9164,1344,8.15,,,,,,,,,35,7,,,,9.94,1.75,,,,,,,,,,,,,,,,,,,,,,57,1.51,7.28,3.44,,,,,,,,,,,,,,,,,,,,,,,,,,,,,,,,,,,,,,,,,,,,,,,,,,,,,,,,,,,,,,,,,,,,,,,,,,,,,,,,,,,,Damage
Soldier: 76,Platinum,3.02,6.07,48.34,19.77,7.49,51,9451,1335,8.00,,,,,,,,,36,7,,,,10.10,1.62,,,,,,,,,,,,,,,,,,,,,,58,1.53,7.65,3.38,,,,,,,,,,,,,,,,,,,,,,,,,,,,,,,,,,,,,,,,,,,,,,,,,,,,,,,,,,,,,,,,,,,,,,,,,,,,,,,,,,,,Damage
Soldier: 76,Diamond,3.00,9.17,49.30,19.77,7.22,48,9648,1338,7.90,,,,,,,,,37,7,,,,10.09,1.48,,,,,,,,,,,,,,,,,,,,,,58,1.57,7.84,3.29,,,,,,,,,,,,,,,,,,,,,,,,,,,,,,,,,,,,,,,,,,,,,,,,,,,,,,,,,,,,,,,,,,,,,,,,,,,,,,,,,,,,Damage
Soldier: 76,Master,2.96,9.76,50.18,19.32,6.89,46,9704,1340,7.87,,,,,,,,,37,7,,,,9.75,1.36,,,,,,,,,,,,,,,,,,,,,,57,1.62,7.77,3.16,,,,,,,,,,,,,,,,,,,,,,,,,,,,,,,,,,,,,,,,,,,,,,,,,,,,,,,,,,,,,,,,,,,,,,,,,,,,,,,,,,,,Damage
Soldier: 76,Grandmaster,2.97,9.65,50.94,18.89,6.62,45,9758,1358,7.78,,,,,,,,,38,7,,,,9.49,1.30,,,,,,,,,,,,,,,,,,,,,,56,1.71,7.61,3.02,,,,,,,,,,,,,,,,,,,,,,,,,,,,,,,,,,,,,,,,,,,,,,,,,,,,,,,,,,,,,,,,,,,,,,,,,,,,,,,,,,,,Damage
Hanzo,All,3.20,3.11,48.20,17.56,6.24,52,7896,,7.76,,,,,,,,,40,13,,,,11.39,2.79,,,,,,,,,,,,,,,,,,,,3.94,,,2.75,,,5.59,1.99,,,,,,,,,,,,,,,,,,,,,,,,,,,,,,,,,,,,,,,,,,,,,,,,,,,,,,,,,,,,,,,,,,,,,,,,,,,,,,,,,,Damage
Hanzo,Bronze,3.02,1.25,43.83,16.13,6.49,53,7289,,7.83,,,,,,,,,38,12,,,,10.42,2.73,,,,,,,,,,,,,,,,,,,,3.34,,,2.61,,,4.89,2.18,,,,,,,,,,,,,,,,,,,,,,,,,,,,,,,,,,,,,,,,,,,,,,,,,,,,,,,,,,,,,,,,,,,,,,,,,,,,,,,,,,Damage
Hanzo,Silver,3.18,1.33,44.94,17.06,6.58,54,7593,,7.77,,,,,,,,,39,12,,,,10.98,2.82,,,,,,,,,,,,,,,,,,,,3.59,,,2.72,,,5.18,2.20,,,,,,,,,,,,,,,,,,,,,,,,,,,,,,,,,,,,,,,,,,,,,,,,,,,,,,,,,,,,,,,,,,,,,,,,,,,,,,,,,,Damage
Hanzo,Gold,3.25,2.12,46.72,17.58,6.55,53,7851,,7.77,,,,,,,,,40,12,,,,11.39,2.85,,,,,,,,,,,,,,,,,,,,3.81,,,2.78,,,5.45,2.14,,,,,,,,,,,,,,,,,,,,,,,,,,,,,,,,,,,,,,,,,,,,,,,,,,,,,,,,,,,,,,,,,,,,,,,,,,,,,,,,,,Damage
Hanzo,Platinum,3.25,4.16,47.94,17.87,6.36,52,7995,,7.77,,,,,,,,,40,13,,,,11.62,2.85,,,,,,,,,,,,,,,,,,,,3.98,,,2.78,,,5.69,2.03,,,,,,,,,,,,,,,,,,,,,,,,,,,,,,,,,,,,,,,,,,,,,,,,,,,,,,,,,,,,,,,,,,,,,,,,,,,,,,,,,,Damage
Hanzo,Diamond,3.17,7.03,48.87,17.78,6.07,51,8023,,7.81,,,,,,,,,41,13,,,,11.58,2.79,,,,,,,,,,,,,,,,,,,,4.12,,,2.74,,,5.79,1.88,,,,,,,,,,,,,,,,,,,,,,,,,,,,,,,,,,,,,,,,,,,,,,,,,,,,,,,,,,,,,,,,,,,,,,,,,,,,,,,,,,Damage
Hanzo,Master,3.10,7.66,49.35,17.21,5.68,49,7924,,7.82,,,,,,,,,40,13,,,,11.12,2.65,,,,,,,,,,,,,,,,,,,,4.16,,,2.66,,,5.76,1.76,,,,,,,,,,,,,,,,,,,,,,,,,,,,,,,,,,,,,,,,,,,,,,,,,,,,,,,,,,,,,,,,,,,,,,,,,,,,,,,,,,Damage
Hanzo,Grandmaster,3.07,7.81,50.01,16.54,5.20,46,7823,,7.74,,,,,,,,,40,13,,,,10.66,2.49,,,,,,,,,,,,,,,,,,,,4.20,,,2.59,,,5.65,1.65,,,,,,,,,,,,,,,,,,,,,,,,,,,,,,,,,,,,,,,,,,,,,,,,,,,,,,,,,,,,,,,,,,,,,,,,,,,,,,,,,,Damage
Zenyatta,All,5.74,3.00,51.84,14.16,5.91,67,5174,6531,6.65,,,,,,,1573.57,,26,,,,,,,,,,,,,,,,,,,,,,,,,,,,,,,,,,22,5.97,1298.21,,,,,,,,,,,,,,,,,,,,,,,,,,,,,,,,,,,,,,,,,,,,,,,,,,,,,,,,,,,,,,,,,,,,,,,,,,,,,,,Support
Zenyatta,Bronze,5.29,1.06,46.27,13.57,6.18,67,4861,6192,7.26,,,,,,,1417.99,,25,,,,,,,,,,,,,,,,,,,,,,,,,,,,,,,,,,24,4.85,1199.37,,,,,,,,,,,,,,,,,,,,,,,,,,,,,,,,,,,,,,,,,,,,,,,,,,,,,,,,,,,,,,,,,,,,,,,,,,,,,,,Support
Zenyatta,Silver,5.66,1.21,48.93,14.41,6.48,69,5085,6482,7.04,,,,,,,1514.94,,26,,,,,,,,,,,,,,,,,,,,,,,,,,,,,,,,,,23,5.38,1276.79,,,,,,,,,,,,,,,,,,,,,,,,,,,,,,,,,,,,,,,,,,,,,,,,,,,,,,,,,,,,,,,,,,,,,,,,,,,,,,,Support
Zenyatta,Gold,5.86,1.91,50.54,14.59,6.35,69,5207,6589,6.83,,,,,,,1570.56,,26,,,,,,,,,,,,,,,,,,,,,,,,,,,,,,,,,,23,5.78,1323.01,,,,,,,,,,,,,,,,,,,,,,,,,,,,,,,,,,,,,,,,,,,,,,,,,,,,,,,,,,,,,,,,,,,,,,,,,,,,,,,Support
Zenyatta,Platinum,5.84,3.75,51.79,14.43,6.05,68,5244,6595,6.63,,,,,,,1599.90,,27,,,,,,,,,,,,,,,,,,,,,,,,,,,,,,,,,,23,6.15,1325.86,,,,,,,,,,,,,,,,,,,,,,,,,,,,,,,,,,,,,,,,,,,,,,,,,,,,,,,,,,,,,,,,,,,,,,,,,,,,,,,Support
Zenyatta,Diamond,5.76,6.51,52.49,14.08,5.70,66,5199,6534,6.50,,,,,,,1595.28,,27,,,,,,,,,,,,,,,,,,,,,,,,,,,,,,,,,,22,6.25,1299.90,,,,,,,,,,,,,,,,,,,,,,,,,,,,,,,,,,,,,,,,,,,,,,,,,,,,,,,,,,,,,,,,,,,,,,,,,,,,,,,Support
Zenyatta,Master,5.58,8.08,52.47,13.47,5.25,63,5120,6418,6.43,,,,,,,1576.57,,26,,,,,,,,,,,,,,,,,,,,,,,,,,,,,,,,,,22,6.12,1254.20,,,,,,,,,,,,,,,,,,,,,,,,,,,,,,,,,,,,,,,,,,,,,,,,,,,,,,,,,,,,,,,,,,,,,,,,,,,,,,,Support
Zenyatta,Grandmaster,5.42,11.46,53.82,12.98,4.71,58,5147,6322,6.29,,,,,,,1549.07,,26,,,,,,,,,,,,,,,,,,,,,,,,,,,,,,,,,,21,6.09,1231.87,,,,,,,,,,,,,,,,,,,,,,,,,,,,,,,,,,,,,,,,,,,,,,,,,,,,,,,,,,,,,,,,,,,,,,,,,,,,,,,Support
D.Va,All,6.74,1.91,47.98,21.61,6.49,127,8653,,5.38,,,,,,,,,27,,,,,,,,,,,,,,,,,,,,,77,,,,,,,,,,,,,,,,9.30,2.33,2.34,,,,,,,,,,,,,,,,,,,,,,,,,,,,,,,,,,,,,,,,,,,,,,,,,,,,,,,,,,,,,,,,,,,,,,,,,,,,Tank
D.Va,Bronze,5.86,1.51,43.94,20.18,6.82,137,7769,,5.85,,,,,,,,,23,,,,,,,,,,,,,,,,,,,,,81,,,,,,,,,,,,,,,,8.09,2.59,2.61,,,,,,,,,,,,,,,,,,,,,,,,,,,,,,,,,,,,,,,,,,,,,,,,,,,,,,,,,,,,,,,,,,,,,,,,,,,,Tank
D.Va,Silver,6.37,1.27,46.25,21.54,7.02,135,8295,,5.65,,,,,,,,,25,,,,,,,,,,,,,,,,,,,,,80,,,,,,,,,,,,,,,,8.89,2.60,2.62,,,,,,,,,,,,,,,,,,,,,,,,,,,,,,,,,,,,,,,,,,,,,,,,,,,,,,,,,,,,,,,,,,,,,,,,,,,,Tank
D.Va,Gold,6.83,1.47,46.97,22.08,6.87,131,8633,,5.48,,,,,,,,,26,,,,,,,,,,,,,,,,,,,,,78,,,,,,,,,,,,,,,,9.37,2.55,2.57,,,,,,,,,,,,,,,,,,,,,,,,,,,,,,,,,,,,,,,,,,,,,,,,,,,,,,,,,,,,,,,,,,,,,,,,,,,,Tank
D.Va,Platinum,6.85,2.30,47.94,21.90,6.52,126,8774,,5.37,,,,,,,,,27,,,,,,,,,,,,,,,,,,,,,76,,,,,,,,,,,,,,,,9.49,2.35,2.37,,,,,,,,,,,,,,,,,,,,,,,,,,,,,,,,,,,,,,,,,,,,,,,,,,,,,,,,,,,,,,,,,,,,,,,,,,,,Tank
D.Va,Diamond,6.76,3.55,49.03,21.41,6.07,119,8740,,5.29,,,,,,,,,27,,,,,,,,,,,,,,,,,,,,,73,,,,,,,,,,,,,,,,9.40,2.10,2.12,,,,,,,,,,,,,,,,,,,,,,,,,,,,,,,,,,,,,,,,,,,,,,,,,,,,,,,,,,,,,,,,,,,,,,,,,,,,Tank
D.Va,Master,6.59,4.58,49.15,20.48,5.69,116,8599,,5.20,,,,,,,,,28,,,,,,,,,,,,,,,,,,,,,72,,,,,,,,,,,,,,,,9.09,1.95,1.96,,,,,,,,,,,,,,,,,,,,,,,,,,,,,,,,,,,,,,,,,,,,,,,,,,,,,,,,,,,,,,,,,,,,,,,,,,,,Tank
D.Va,Grandmaster,6.53,6.90,51.12,19.74,5.28,115,8480,,5.07,,,,,,,,,28,,,,,,,,,,,,,,,,,,,,,71,,,,,,,,,,,,,,,,8.91,1.73,1.74,,,,,,,,,,,,,,,,,,,,,,,,,,,,,,,,,,,,,,,,,,,,,,,,,,,,,,,,,,,,,,,,,,,,,,,,,,,,Tank
Roadhog,All,3.87,0.67,38.62,17.61,8.20,119,8274,,6.65,,,,,,,,,27,,,,,,,,,,,,,,,,,,,,,75,,,,,,,,,,,,,,,,,,,5289.88,8.38,55.05,3.45,,,,,,,,,,,,,,,,,,,,,,,,,,,,,,,,,,,,,,,,,,,,,,,,,,,,,,,,,,,,,,,,,,,,,,,,Tank
Roadhog,Bronze,3.61,0.42,37.66,15.94,7.84,119,7086,,6.85,,,,,,,,,25,,,,,,,,,,,,,,,,,,,,,76,,,,,,,,,,,,,,,,,,,4992.51,7.03,54.06,3.05,,,,,,,,,,,,,,,,,,,,,,,,,,,,,,,,,,,,,,,,,,,,,,,,,,,,,,,,,,,,,,,,,,,,,,,,Tank
Roadhog,Silver,3.79,0.41,37.21,16.85,8.26,123,7564,,6.79,,,,,,,,,26,,,,,,,,,,,,,,,,,,,,,78,,,,,,,,,,,,,,,,,,,5107.02,7.64,54.81,3.30,,,,,,,,,,,,,,,,,,,,,,,,,,,,,,,,,,,,,,,,,,,,,,,,,,,,,,,,,,,,,,,,,,,,,,,,Tank
Roadhog,Gold,3.92,0.56,38.23,17.60,8.30,120,8149,,6.71,,,,,,,,,27,,,,,,,,,,,,,,,,,,,,,76,,,,,,,,,,,,,,,,,,,5185.83,8.24,55.31,3.49,,,,,,,,,,,,,,,,,,,,,,,,,,,,,,,,,,,,,,,,,,,,,,,,,,,,,,,,,,,,,,,,,,,,,,,,Tank
Roadhog,Platinum,3.93,0.88,37.73,17.97,8.25,116,8453,,6.66,,,,,,,,,27,,,,,,,,,,,,,,,,,,,,,74,,,,,,,,,,,,,,,,,,,5275.23,8.64,55.43,3.50,,,,,,,,,,,,,,,,,,,,,,,,,,,,,,,,,,,,,,,,,,,,,,,,,,,,,,,,,,,,,,,,,,,,,,,,Tank
Roadhog,Diamond,3.77,1.35,38.74,17.81,8.03,114,8491,,6.66,,,,,,,,,28,,,,,,,,,,,,,,,,,,,,,72,,,,,,,,,,,,,,,,,,,5298.38,8.61,55.17,3.47,,,,,,,,,,,,,,,,,,,,,,,,,,,,,,,,,,,,,,,,,,,,,,,,,,,,,,,,,,,,,,,,,,,,,,,,Tank
Roadhog,Master,3.69,1.77,40.83,17.34,7.66,113,8239,,6.66,,,,,,,,,27,,,,,,,,,,,,,,,,,,,,,69,,,,,,,,,,,,,,,,,,,5330.40,8.44,54.47,3.35,,,,,,,,,,,,,,,,,,,,,,,,,,,,,,,,,,,,,,,,,,,,,,,,,,,,,,,,,,,,,,,,,,,,,,,,Tank
Roadhog,Grandmaster,3.66,2.16,43.64,16.80,7.41,110,7994,,6.54,,,,,,,,,27,,,,,,,,,,,,,,,,,,,,,67,,,,,,,,,,,,,,,,,,,5355.88,8.13,54.10,3.22,,,,,,,,,,,,,,,,,,,,,,,,,,,,,,,,,,,,,,,,,,,,,,,,,,,,,,,,,,,,,,,,,,,,,,,,Tank
Junkrat,All,2.70,2.12,46.43,16.78,6.31,51,8393,,8.22,,,,,,,,,25,,,,,10.27,2.78,,,,,,,,,,,,,,,,,,,,,,,,,,,,,,,,,,,,,,18,5.84,5.15,—,,,,,,,,,,,,,,,,,,,,,,,,,,,,,,,,,,,,,,,,,,,,,,,,,,,,,,,,,,,,,,,,,,,,Damage
Junkrat,Bronze,2.59,1.72,41.84,16.28,6.96,60,7991,,8.49,,,,,,,,,25,,,,,9.95,2.76,,,,,,,,,,,,,,,,,,,,,,,,,,,,,,,,,,,,,,18,5.06,5.58,—,,,,,,,,,,,,,,,,,,,,,,,,,,,,,,,,,,,,,,,,,,,,,,,,,,,,,,,,,,,,,,,,,,,,Damage
Junkrat,Silver,2.68,1.67,44.41,16.74,6.81,58,8252,,8.37,,,,,,,,,26,,,,,10.20,2.81,,,,,,,,,,,,,,,,,,,,,,,,,,,,,,,,,,,,,,18,5.44,5.47,—,,,,,,,,,,,,,,,,,,,,,,,,,,,,,,,,,,,,,,,,,,,,,,,,,,,,,,,,,,,,,,,,,,,,Damage
Junkrat,Gold,2.71,1.90,45.65,16.91,6.51,53,8425,,8.26,,,,,,,,,25,,,,,10.38,2.83,,,,,,,,,,,,,,,,,,,,,,,,,,,,,,,,,,,,,,18,5.78,5.29,—,,,,,,,,,,,,,,,,,,,,,,,,,,,,,,,,,,,,,,,,,,,,,,,,,,,,,,,,,,,,,,,,,,,,Damage
Junkrat,Platinum,2.73,2.60,47.09,16.94,6.20,49,8503,,8.16,,,,,,,,,25,,,,,10.40,2.78,,,,,,,,,,,,,,,,,,,,,,,,,,,,,,,,,,,,,,18,6.07,5.08,—,,,,,,,,,,,,,,,,,,,,,,,,,,,,,,,,,,,,,,,,,,,,,,,,,,,,,,,,,,,,,,,,,,,,Damage
Junkrat,Diamond,2.68,3.19,46.89,16.60,5.78,45,8469,,8.15,,,,,,,,,25,,,,,10.13,2.71,,,,,,,,,,,,,,,,,,,,,,,,,,,,,,,,,,,,,,18,6.17,4.89,—,,,,,,,,,,,,,,,,,,,,,,,,,,,,,,,,,,,,,,,,,,,,,,,,,,,,,,,,,,,,,,,,,,,,Damage
Junkrat,Master,2.66,3.12,46.83,16.10,5.51,43,8352,,8.17,,,,,,,,,25,,,,,9.75,2.66,,,,,,,,,,,,,,,,,,,,,,,,,,,,,,,,,,,,,,18,6.07,4.82,—,,,,,,,,,,,,,,,,,,,,,,,,,,,,,,,,,,,,,,,,,,,,,,,,,,,,,,,,,,,,,,,,,,,,Damage
Junkrat,Grandmaster,2.65,3.41,47.52,15.83,5.45,44,8256,,8.15,,,,,,,,,25,,,,,9.55,2.68,,,,,,,,,,,,,,,,,,,,,,,,,,,,,,,,,,,,,,17,6.00,4.87,—,,,,,,,,,,,,,,,,,,,,,,,,,,,,,,,,,,,,,,,,,,,,,,,,,,,,,,,,,,,,,,,,,,,,Damage
Zarya,All,4.62,1.19,42.60,19.89,9.30,129,9819,,6.38,,,,,,,,,,,,,,,,,,,,,,,41,,,,,,,77,,,,,,,,,,,,,,,,,,,,,,,,,,,46,12.10,36.49,3.37,,,,,,,,,,,,,,,,,,,,,,,,,,,,,,,,,,,,,,,,,,,,,,,,,,,,,,,,,,,,,,,,Tank
Zarya,Bronze,4.21,0.70,40.59,18.10,8.99,133,8526,,6.68,,,,,,,,,,,,,,,,,,,,,,,39,,,,,,,78,,,,,,,,,,,,,,,,,,,,,,,,,,,42,10.23,33.25,2.77,,,,,,,,,,,,,,,,,,,,,,,,,,,,,,,,,,,,,,,,,,,,,,,,,,,,,,,,,,,,,,,,Tank
Zarya,Silver,4.45,0.81,41.60,19.30,9.35,132,9148,,6.53,,,,,,,,,,,,,,,,,,,,,,,40,,,,,,,78,,,,,,,,,,,,,,,,,,,,,,,,,,,44,11.21,34.80,3.10,,,,,,,,,,,,,,,,,,,,,,,,,,,,,,,,,,,,,,,,,,,,,,,,,,,,,,,,,,,,,,,,Tank
Zarya,Gold,4.64,1.10,41.91,19.84,9.33,129,9647,,6.44,,,,,,,,,,,,,,,,,,,,,,,41,,,,,,,77,,,,,,,,,,,,,,,,,,,,,,,,,,,46,11.82,35.78,3.32,,,,,,,,,,,,,,,,,,,,,,,,,,,,,,,,,,,,,,,,,,,,,,,,,,,,,,,,,,,,,,,,Tank
Zarya,Platinum,4.66,1.60,42.45,20.14,9.33,127,10004,,6.36,,,,,,,,,,,,,,,,,,,,,,,42,,,,,,,76,,,,,,,,,,,,,,,,,,,,,,,,,,,47,12.37,36.83,3.46,,,,,,,,,,,,,,,,,,,,,,,,,,,,,,,,,,,,,,,,,,,,,,,,,,,,,,,,,,,,,,,,Tank
Zarya,Diamond,4.62,1.94,42.61,19.82,9.13,124,10048,,6.35,,,,,,,,,,,,,,,,,,,,,,,41,,,,,,,73,,,,,,,,,,,,,,,,,,,,,,,,,,,47,12.29,37.09,3.46,,,,,,,,,,,,,,,,,,,,,,,,,,,,,,,,,,,,,,,,,,,,,,,,,,,,,,,,,,,,,,,,Tank
Zarya,Master,4.58,1.85,41.93,19.29,8.83,120,9958,,6.37,,,,,,,,,,,,,,,,,,,,,,,41,,,,,,,71,,,,,,,,,,,,,,,,,,,,,,,,,,,47,12.17,37.63,3.43,,,,,,,,,,,,,,,,,,,,,,,,,,,,,,,,,,,,,,,,,,,,,,,,,,,,,,,,,,,,,,,,Tank
Zarya,Grandmaster,4.60,2.53,46.75,18.84,8.44,117,9883,,6.30,,,,,,,,,,,,,,,,,,,,,,,41,,,,,,,68,,,,,,,,,,,,,,,,,,,,,,,,,,,46,12.20,38.49,3.35,,,,,,,,,,,,,,,,,,,,,,,,,,,,,,,,,,,,,,,,,,,,,,,,,,,,,,,,,,,,,,,,Tank
Orisa,All,3.92,2.77,43.76,18.38,8.34,128,9519,,6.93,,,,,,,,,33,,,,,,,,,,,,,,,,,,,,,82,,,,,,,,,,,,,,,,,,,,,,,,,,,,,,,6.22,3.49,3.73,,,,,,,,,,,,,,,,,,,,,,,,,,,,,,,,,,,,,,,,,,,,,,,,,,,,,,,,,,,,,Tank
Orisa,Bronze,3.50,1.91,40.62,16.83,8.49,136,8471,,7.27,,,,,,,,,31,,,,,,,,,,,,,,,,,,,,,84,,,,,,,,,,,,,,,,,,,,,,,,,,,,,,,5.08,2.52,3.21,,,,,,,,,,,,,,,,,,,,,,,,,,,,,,,,,,,,,,,,,,,,,,,,,,,,,,,,,,,,,Tank
Orisa,Silver,3.80,1.93,42.89,17.86,8.60,133,9071,,7.12,,,,,,,,,32,,,,,,,,,,,,,,,,,,,,,84,,,,,,,,,,,,,,,,,,,,,,,,,,,,,,,5.64,2.84,3.56,,,,,,,,,,,,,,,,,,,,,,,,,,,,,,,,,,,,,,,,,,,,,,,,,,,,,,,,,,,,,Tank
Orisa,Gold,3.92,2.48,43.10,18.37,8.44,129,9508,,7.00,,,,,,,,,33,,,,,,,,,,,,,,,,,,,,,83,,,,,,,,,,,,,,,,,,,,,,,,,,,,,,,6.09,3.18,3.78,,,,,,,,,,,,,,,,,,,,,,,,,,,,,,,,,,,,,,,,,,,,,,,,,,,,,,,,,,,,,Tank
Orisa,Platinum,3.98,3.61,44.27,18.69,8.27,125,9705,,6.89,,,,,,,,,33,,,,,,,,,,,,,,,,,,,,,81,,,,,,,,,,,,,,,,,,,,,,,,,,,,,,,6.46,3.73,3.84,,,,,,,,,,,,,,,,,,,,,,,,,,,,,,,,,,,,,,,,,,,,,,,,,,,,,,,,,,,,,Tank
Orisa,Diamond,3.92,4.50,44.20,18.61,8.08,123,9670,,6.83,,,,,,,,,33,,,,,,,,,,,,,,,,,,,,,80,,,,,,,,,,,,,,,,,,,,,,,,,,,,,,,6.61,3.92,3.75,,,,,,,,,,,,,,,,,,,,,,,,,,,,,,,,,,,,,,,,,,,,,,,,,,,,,,,,,,,,,Tank
Orisa,Master,3.87,4.54,44.05,18.11,7.84,122,9435,,6.82,,,,,,,,,33,,,,,,,,,,,,,,,,,,,,,80,,,,,,,,,,,,,,,,,,,,,,,,,,,,,,,6.50,3.57,3.58,,,,,,,,,,,,,,,,,,,,,,,,,,,,,,,,,,,,,,,,,,,,,,,,,,,,,,,,,,,,,Tank
Orisa,Grandmaster,3.71,4.65,44.59,17.52,7.62,121,9136,,6.85,,,,,,,,,33,,,,,,,,,,,,,,,,,,,,,79,,,,,,,,,,,,,,,,,,,,,,,,,,,,,,,6.33,3.25,3.35,,,,,,,,,,,,,,,,,,,,,,,,,,,,,,,,,,,,,,,,,,,,,,,,,,,,,,,,,,,,,Tank
Tracer,All,2.54,1.84,48.46,18.22,6.43,60,6786,,8.23,,,,,,,,,34,8,,,,8.49,2.04,,,,,,,,,,,,,,,,,,,,,,,,,,,,,,,,,,913.61,,,,,,,,,,,,,,,5.00,1.67,2.06,,,,,,,,,,,,,,,,,,,,,,,,,,,,,,,,,,,,,,,,,,,,,,,,,,,,,,,,,,Damage
Tracer,Bronze,2.64,0.48,43.33,17.10,6.58,67,6188,,8.01,,,,,,,,,32,8,,,,7.93,2.27,,,,,,,,,,,,,,,,,,,,,,,,,,,,,,,,,,859.66,,,,,,,,,,,,,,,4.79,1.64,2.27,,,,,,,,,,,,,,,,,,,,,,,,,,,,,,,,,,,,,,,,,,,,,,,,,,,,,,,,,,Damage
Tracer,Silver,2.57,0.50,44.64,17.76,6.64,64,6417,,8.18,,,,,,,,,32,8,,,,8.27,2.27,,,,,,,,,,,,,,,,,,,,,,,,,,,,,,,,,,896.25,,,,,,,,,,,,,,,5.04,1.71,2.29,,,,,,,,,,,,,,,,,,,,,,,,,,,,,,,,,,,,,,,,,,,,,,,,,,,,,,,,,,Damage
Tracer,Gold,2.61,0.90,45.67,18.23,6.65,62,6644,,8.24,,,,,,,,,33,9,,,,8.51,2.24,,,,,,,,,,,,,,,,,,,,,,,,,,,,,,,,,,909.55,,,,,,,,,,,,,,,5.05,1.72,2.26,,,,,,,,,,,,,,,,,,,,,,,,,,,,,,,,,,,,,,,,,,,,,,,,,,,,,,,,,,Damage
Tracer,Platinum,2.53,2.12,47.18,18.38,6.56,60,6772,,8.35,,,,,,,,,34,9,,,,8.61,2.14,,,,,,,,,,,,,,,,,,,,,,,,,,,,,,,,,,916.53,,,,,,,,,,,,,,,5.04,1.68,2.12,,,,,,,,,,,,,,,,,,,,,,,,,,,,,,,,,,,,,,,,,,,,,,,,,,,,,,,,,,Damage
Tracer,Diamond,2.49,4.16,48.37,18.40,6.45,58,6855,,8.36,,,,,,,,,35,9,,,,8.59,2.00,,,,,,,,,,,,,,,,,,,,,,,,,,,,,,,,,,919.21,,,,,,,,,,,,,,,5.01,1.65,1.98,,,,,,,,,,,,,,,,,,,,,,,,,,,,,,,,,,,,,,,,,,,,,,,,,,,,,,,,,,Damage
Tracer,Master,2.50,6.08,49.74,18.21,6.19,56,6933,,8.19,,,,,,,,,35,8,,,,8.43,1.86,,,,,,,,,,,,,,,,,,,,,,,,,,,,,,,,,,914.52,,,,,,,,,,,,,,,4.94,1.63,1.86,,,,,,,,,,,,,,,,,,,,,,,,,,,,,,,,,,,,,,,,,,,,,,,,,,,,,,,,,,Damage
Tracer,Grandmaster,2.67,10.61,52.73,18.11,5.80,55,7212,,7.64,,,,,,,,,36,8,,,,8.49,1.76,,,,,,,,,,,,,,,,,,,,,,,,,,,,,,,,,,927.21,,,,,,,,,,,,,,,4.92,1.68,1.81,,,,,,,,,,,,,,,,,,,,,,,,,,,,,,,,,,,,,,,,,,,,,,,,,,,,,,,,,,Damage
Ashe,All,2.81,2.67,49.09,17.61,6.29,50,9093,,7.47,42,,,,,,,,,,,,,9.28,1.81,,,,,,,,,,,,,,,,,,,—,,,,,,,,,,,,,,,,,,,,,,,,,,,,,,,,,2.01,5.70,2.83,,,,,,,,,,,,,,,,,,,,,,,,,,,,,,,,,,,,,,,,,,,,,,,,,,,,,,,Damage
Ashe,Bronze,2.66,0.98,43.75,15.65,6.41,57,7705,,7.41,39,,,,,,,,,,,,,8.09,1.89,,,,,,,,,,,,,,,,,,,—,,,,,,,,,,,,,,,,,,,,,,,,,,,,,,,,,2.15,4.72,2.91,,,,,,,,,,,,,,,,,,,,,,,,,,,,,,,,,,,,,,,,,,,,,,,,,,,,,,,Damage
Ashe,Silver,2.83,1.21,46.09,16.77,6.59,55,8281,,7.34,40,,,,,,,,,,,,,8.71,1.93,,,,,,,,,,,,,,,,,,,—,,,,,,,,,,,,,,,,,,,,,,,,,,,,,,,,,2.07,5.29,3.00,,,,,,,,,,,,,,,,,,,,,,,,,,,,,,,,,,,,,,,,,,,,,,,,,,,,,,,Damage
Ashe,Gold,2.91,1.88,47.69,17.47,6.56,52,8785,,7.36,41,,,,,,,,,,,,,9.16,1.93,,,,,,,,,,,,,,,,,,,—,,,,,,,,,,,,,,,,,,,,,,,,,,,,,,,,,2.08,5.64,2.94,,,,,,,,,,,,,,,,,,,,,,,,,,,,,,,,,,,,,,,,,,,,,,,,,,,,,,,Damage
Ashe,Platinum,2.85,3.64,49.19,17.90,6.39,50,9169,,7.46,42,,,,,,,,,,,,,9.45,1.86,,,,,,,,,,,,,,,,,,,—,,,,,,,,,,,,,,,,,,,,,,,,,,,,,,,,,2.02,5.84,2.84,,,,,,,,,,,,,,,,,,,,,,,,,,,,,,,,,,,,,,,,,,,,,,,,,,,,,,,Damage
Ashe,Diamond,2.77,5.90,50.47,18.03,6.11,47,9515,,7.58,43,,,,,,,,,,,,,9.58,1.75,,,,,,,,,,,,,,,,,,,—,,,,,,,,,,,,,,,,,,,,,,,,,,,,,,,,,1.97,5.88,2.75,,,,,,,,,,,,,,,,,,,,,,,,,,,,,,,,,,,,,,,,,,,,,,,,,,,,,,,Damage
Ashe,Master,2.69,5.83,50.92,17.85,5.76,46,9712,,7.69,43,,,,,,,,,,,,,9.49,1.60,,,,,,,,,,,,,,,,,,,—,,,,,,,,,,,,,,,,,,,,,,,,,,,,,,,,,1.93,5.81,2.65,,,,,,,,,,,,,,,,,,,,,,,,,,,,,,,,,,,,,,,,,,,,,,,,,,,,,,,Damage
Ashe,Grandmaster,2.67,5.20,51.73,17.70,5.42,43,10143,,7.72,44,,,,,,,,,,,,,9.49,1.47,,,,,,,,,,,,,,,,,,,—,,,,,,,,,,,,,,,,,,,,,,,,,,,,,,,,,1.93,5.75,2.59,,,,,,,,,,,,,,,,,,,,,,,,,,,,,,,,,,,,,,,,,,,,,,,,,,,,,,,Damage
Reaper,All,2.91,2.06,48.42,20.40,7.98,76,8436,,8.02,,,,,,,,,30,10,,,,11.27,2.17,,,,,,,,,,,,,,,,,,,,,,,,,,,,,,,,,,1598.66,,,,,,,,,,,,,,,,,,,,,4.38,,,,,,,,,,,,,,,,,,,,,,,,,,,,,,,,,,,,,,,,,,,,,,,,,,,,,,Damage
Reaper,Bronze,2.75,1.09,44.31,19.09,7.94,81,7581,,8.23,,,,,,,,,28,9,,,,10.66,2.49,,,,,,,,,,,,,,,,,,,,,,,,,,,,,,,,,,1461.95,,,,,,,,,,,,,,,,,,,,,4.32,,,,,,,,,,,,,,,,,,,,,,,,,,,,,,,,,,,,,,,,,,,,,,,,,,,,,,Damage
Reaper,Silver,2.87,1.30,45.77,19.90,8.06,79,7988,,8.11,,,,,,,,,29,10,,,,11.09,2.37,,,,,,,,,,,,,,,,,,,,,,,,,,,,,,,,,,1531.26,,,,,,,,,,,,,,,,,,,,,4.43,,,,,,,,,,,,,,,,,,,,,,,,,,,,,,,,,,,,,,,,,,,,,,,,,,,,,,Damage
Reaper,Gold,2.93,1.79,47.72,20.40,8.06,77,8331,,8.06,,,,,,,,,30,10,,,,11.36,2.30,,,,,,,,,,,,,,,,,,,,,,,,,,,,,,,,,,1583.95,,,,,,,,,,,,,,,,,,,,,4.48,,,,,,,,,,,,,,,,,,,,,,,,,,,,,,,,,,,,,,,,,,,,,,,,,,,,,,Damage
Reaper,Platinum,2.94,2.77,48.66,20.65,8.02,75,8599,,8.00,,,,,,,,,31,10,,,,11.43,2.12,,,,,,,,,,,,,,,,,,,,,,,,,,,,,,,,,,1623.96,,,,,,,,,,,,,,,,,,,,,4.41,,,,,,,,,,,,,,,,,,,,,,,,,,,,,,,,,,,,,,,,,,,,,,,,,,,,,,Damage
Reaper,Diamond,2.90,3.82,49.66,20.60,7.87,74,8779,,8.00,,,,,,,,,31,10,,,,11.31,1.99,,,,,,,,,,,,,,,,,,,,,,,,,,,,,,,,,,1655.68,,,,,,,,,,,,,,,,,,,,,4.28,,,,,,,,,,,,,,,,,,,,,,,,,,,,,,,,,,,,,,,,,,,,,,,,,,,,,,Damage
Reaper,Master,2.82,3.61,49.96,20.11,7.59,72,8769,,8.03,,,,,,,,,31,9,,,,10.94,1.90,,,,,,,,,,,,,,,,,,,,,,,,,,,,,,,,,,1651.96,,,,,,,,,,,,,,,,,,,,,4.13,,,,,,,,,,,,,,,,,,,,,,,,,,,,,,,,,,,,,,,,,,,,,,,,,,,,,,Damage
Reaper,Grandmaster,2.79,2.60,47.96,19.46,7.38,74,8623,,8.05,,,,,,,,,31,9,,,,10.55,1.96,,,,,,,,,,,,,,,,,,,,,,,,,,,,,,,,,,1647.19,,,,,,,,,,,,,,,,,,,,,4.02,,,,,,,,,,,,,,,,,,,,,,,,,,,,,,,,,,,,,,,,,,,,,,,,,,,,,,Damage
Sojourn,All,3.06,2.05,43.76,19.03,7.41,58,8722,,7.84,,,,,,,,,28,,,,,9.31,1.36,,,,,,,,,,,,,,,,,,,,,,,,,,,,,,,,,,,,,,,,,,,,,,,,,,,,,,,,53,12,9.96,5.20,2.72,,,,,,,,,,,,,,,,,,,,,,,,,,,,,,,,,,,,,,,,,,,,,,,,,Damage
Sojourn,Bronze,2.76,1.04,38.64,16.88,7.58,66,7709,,8.19,,,,,,,,,27,,,,,7.47,1.32,,,,,,,,,,,,,,,,,,,,,,,,,,,,,,,,,,,,,,,,,,,,,,,,,,,,,,,,48,10,7.68,4.91,2.09,,,,,,,,,,,,,,,,,,,,,,,,,,,,,,,,,,,,,,,,,,,,,,,,,Damage
Sojourn,Silver,2.94,0.94,39.91,17.95,7.65,63,8160,,8.01,,,,,,,,,28,,,,,8.18,1.43,,,,,,,,,,,,,,,,,,,,,,,,,,,,,,,,,,,,,,,,,,,,,,,,,,,,,,,,50,11,8.56,5.17,2.38,,,,,,,,,,,,,,,,,,,,,,,,,,,,,,,,,,,,,,,,,,,,,,,,,Damage
Sojourn,Gold,3.08,1.29,41.55,18.75,7.67,60,8534,,7.91,,,,,,,,,28,,,,,8.92,1.46,,,,,,,,,,,,,,,,,,,,,,,,,,,,,,,,,,,,,,,,,,,,,,,,,,,,,,,,52,12,9.46,5.32,2.61,,,,,,,,,,,,,,,,,,,,,,,,,,,,,,,,,,,,,,,,,,,,,,,,,Damage
Sojourn,Platinum,3.09,2.43,43.20,19.25,7.47,57,8779,,7.86,,,,,,,,,28,,,,,9.47,1.42,,,,,,,,,,,,,,,,,,,,,,,,,,,,,,,,,,,,,,,,,,,,,,,,,,,,,,,,54,12,10.14,5.28,2.76,,,,,,,,,,,,,,,,,,,,,,,,,,,,,,,,,,,,,,,,,,,,,,,,,Damage
Sojourn,Diamond,3.06,4.20,44.29,19.49,7.26,56,8955,,7.83,,,,,,,,,28,,,,,9.83,1.33,,,,,,,,,,,,,,,,,,,,,,,,,,,,,,,,,,,,,,,,,,,,,,,,,,,,,,,,54,12,10.62,5.19,2.87,,,,,,,,,,,,,,,,,,,,,,,,,,,,,,,,,,,,,,,,,,,,,,,,,Damage
Sojourn,Master,3.04,5.31,45.41,19.37,6.96,53,9038,,7.80,,,,,,,,,28,,,,,9.90,1.21,,,,,,,,,,,,,,,,,,,,,,,,,,,,,,,,,,,,,,,,,,,,,,,,,,,,,,,,54,13,10.76,4.99,2.94,,,,,,,,,,,,,,,,,,,,,,,,,,,,,,,,,,,,,,,,,,,,,,,,,Damage
Sojourn,Grandmaster,3.14,7.30,48.89,19.45,6.61,50,9287,,7.56,,,,,,,,,28,,,,,10.20,1.09,,,,,,,,,,,,,,,,,,,,,,,,,,,,,,,,,,,,,,,,,,,,,,,,,,,,,,,,55,14,11.16,4.79,3.05,,,,,,,,,,,,,,,,,,,,,,,,,,,,,,,,,,,,,,,,,,,,,,,,,Damage
Baptiste,All,4.60,2.32,46.71,10.92,4.84,61,3682,9176,6.37,,,,,,,575.60,,31,8,,,,,,,,,,,,,,,,,,,,,,,,,,,,,,,,,,,,,,,,,,,,,,,,,,,,,,,,,,,,,,,,,,66.10,2.64,1.96,,,,,,,,,,,,,,,,,,,,,,,,,,,,,,,,,,,,,,,,,,,,,,Support
Baptiste,Bronze,3.91,1.27,41.07,9.62,4.76,68,3227,7938,6.91,,,,,,,457.17,,27,8,,,,,,,,,,,,,,,,,,,,,,,,,,,,,,,,,,,,,,,,,,,,,,,,,,,,,,,,,,,,,,,,,,59.81,2.47,1.72,,,,,,,,,,,,,,,,,,,,,,,,,,,,,,,,,,,,,,,,,,,,,,Support
Baptiste,Silver,4.35,1.16,43.59,10.46,5.02,67,3399,8548,6.76,,,,,,,515.49,,29,9,,,,,,,,,,,,,,,,,,,,,,,,,,,,,,,,,,,,,,,,,,,,,,,,,,,,,,,,,,,,,,,,,,63.17,2.60,1.92,,,,,,,,,,,,,,,,,,,,,,,,,,,,,,,,,,,,,,,,,,,,,,Support
Baptiste,Gold,4.57,1.69,45.01,10.80,5.01,64,3536,8946,6.48,,,,,,,554.91,,31,9,,,,,,,,,,,,,,,,,,,,,,,,,,,,,,,,,,,,,,,,,,,,,,,,,,,,,,,,,,,,,,,,,,65.25,2.63,1.97,,,,,,,,,,,,,,,,,,,,,,,,,,,,,,,,,,,,,,,,,,,,,,Support
Baptiste,Platinum,4.70,2.93,46.74,10.98,4.85,60,3662,9280,6.31,,,,,,,585.57,,32,9,,,,,,,,,,,,,,,,,,,,,,,,,,,,,,,,,,,,,,,,,,,,,,,,,,,,,,,,,,,,,,,,,,66.72,2.66,2.00,,,,,,,,,,,,,,,,,,,,,,,,,,,,,,,,,,,,,,,,,,,,,,Support
Baptiste,Diamond,4.69,4.67,47.66,11.20,4.75,57,3838,9454,6.22,,,,,,,607.82,,33,8,,,,,,,,,,,,,,,,,,,,,,,,,,,,,,,,,,,,,,,,,,,,,,,,,,,,,,,,,,,,,,,,,,67.51,2.67,1.99,,,,,,,,,,,,,,,,,,,,,,,,,,,,,,,,,,,,,,,,,,,,,,Support
Baptiste,Master,4.72,4.78,48.36,11.12,4.59,56,3929,9628,6.23,,,,,,,616.84,,33,8,,,,,,,,,,,,,,,,,,,,,,,,,,,,,,,,,,,,,,,,,,,,,,,,,,,,,,,,,,,,,,,,,,67.85,2.72,2.02,,,,,,,,,,,,,,,,,,,,,,,,,,,,,,,,,,,,,,,,,,,,,,Support
Baptiste,Grandmaster,4.68,6.20,50.56,11.27,4.37,55,4238,9917,6.09,,,,,,,635.13,,33,8,,,,,,,,,,,,,,,,,,,,,,,,,,,,,,,,,,,,,,,,,,,,,,,,,,,,,,,,,,,,,,,,,,68.15,2.70,1.96,,,,,,,,,,,,,,,,,,,,,,,,,,,,,,,,,,,,,,,,,,,,,,Support
Pharah,All,3.15,1.44,49.76,21.47,6.82,40,9287,,8.46,,,,,,,,,47,,,,,13.02,2.67,,,,,,,,,,,,,,,,,,,,,,,1.46,,,,,,,,,,,,,,,16,,,,,,,,,,,,,,,,,,,,,,,,,,67.55,3.92,,,,,,,,,,,,,,,,,,,,,,,,,,,,,,,,,,,,,,,,,,,,Damage
Pharah,Bronze,3.21,0.79,45.16,19.57,7.00,44,8372,,8.18,,,,,,,,,46,,,,,11.43,2.92,,,,,,,,,,,,,,,,,,,,,,,1.46,,,,,,,,,,,,,,,16,,,,,,,,,,,,,,,,,,,,,,,,,,61.64,3.60,,,,,,,,,,,,,,,,,,,,,,,,,,,,,,,,,,,,,,,,,,,,Damage
Pharah,Silver,3.26,0.92,47.56,20.76,7.11,43,8776,,8.27,,,,,,,,,47,,,,,12.36,3.03,,,,,,,,,,,,,,,,,,,,,,,1.46,,,,,,,,,,,,,,,16,,,,,,,,,,,,,,,,,,,,,,,,,,64.28,3.81,,,,,,,,,,,,,,,,,,,,,,,,,,,,,,,,,,,,,,,,,,,,Damage
Pharah,Gold,3.23,1.23,49.81,21.51,6.97,41,9162,,8.41,,,,,,,,,48,,,,,12.99,2.90,,,,,,,,,,,,,,,,,,,,,,,1.47,,,,,,,,,,,,,,,16,,,,,,,,,,,,,,,,,,,,,,,,,,66.42,3.96,,,,,,,,,,,,,,,,,,,,,,,,,,,,,,,,,,,,,,,,,,,,Damage
Pharah,Platinum,3.12,1.90,50.14,21.81,6.81,40,9441,,8.54,,,,,,,,,47,,,,,13.30,2.65,,,,,,,,,,,,,,,,,,,,,,,1.45,,,,,,,,,,,,,,,16,,,,,,,,,,,,,,,,,,,,,,,,,,68.20,3.98,,,,,,,,,,,,,,,,,,,,,,,,,,,,,,,,,,,,,,,,,,,,Damage
Pharah,Diamond,3.05,2.59,49.66,21.74,6.60,38,9607,,8.65,,,,,,,,,47,,,,,13.33,2.37,,,,,,,,,,,,,,,,,,,,,,,1.44,,,,,,,,,,,,,,,16,,,,,,,,,,,,,,,,,,,,,,,,,,69.65,3.99,,,,,,,,,,,,,,,,,,,,,,,,,,,,,,,,,,,,,,,,,,,,Damage
Pharah,Master,3.03,2.76,50.57,21.42,6.37,37,9665,,8.64,,,,,,,,,46,,,,,13.15,2.15,,,,,,,,,,,,,,,,,,,,,,,1.44,,,,,,,,,,,,,,,16,,,,,,,,,,,,,,,,,,,,,,,,,,70.66,3.92,,,,,,,,,,,,,,,,,,,,,,,,,,,,,,,,,,,,,,,,,,,,Damage
Pharah,Grandmaster,3.12,2.70,49.90,20.89,6.16,35,9706,,8.38,,,,,,,,,45,,,,,12.91,2.00,,,,,,,,,,,,,,,,,,,,,,,1.46,,,,,,,,,,,,,,,16,,,,,,,,,,,,,,,,,,,,,,,,,,71.40,3.90,,,,,,,,,,,,,,,,,,,,,,,,,,,,,,,,,,,,,,,,,,,,Damage
Winston,All,4.08,1.46,43.37,20.28,6.91,110,8044,,6.92,,,,,,,,,,,,,,,,,,,,,,,47,,,,,,,65,,,,,,,,,,,,,,,,,,,,,,,,,,,64,,,,,,,,,,,,,,,,,,,,,,,,8.38,2.19,,,,,,,,,,,,,,,,,,,,,,,,,,,,,,,,,,,,,,,,,,Tank
Winston,Bronze,3.57,0.50,39.17,18.67,7.57,123,7061,,7.61,,,,,,,,,,,,,,,,,,,,,,,42,,,,,,,77,,,,,,,,,,,,,,,,,,,,,,,,,,,59,,,,,,,,,,,,,,,,,,,,,,,,6.71,1.95,,,,,,,,,,,,,,,,,,,,,,,,,,,,,,,,,,,,,,,,,,Tank
Winston,Silver,3.93,0.60,40.32,19.92,7.67,120,7515,,7.29,,,,,,,,,,,,,,,,,,,,,,,43,,,,,,,74,,,,,,,,,,,,,,,,,,,,,,,,,,,62,,,,,,,,,,,,,,,,,,,,,,,,7.43,2.08,,,,,,,,,,,,,,,,,,,,,,,,,,,,,,,,,,,,,,,,,,Tank
Winston,Gold,4.13,0.98,41.33,20.46,7.32,115,7877,,7.09,,,,,,,,,,,,,,,,,,,,,,,45,,,,,,,69,,,,,,,,,,,,,,,,,,,,,,,,,,,64,,,,,,,,,,,,,,,,,,,,,,,,8.12,2.17,,,,,,,,,,,,,,,,,,,,,,,,,,,,,,,,,,,,,,,,,,Tank
Winston,Platinum,4.10,1.93,42.62,20.51,6.93,109,8110,,6.95,,,,,,,,,,,,,,,,,,,,,,,47,,,,,,,64,,,,,,,,,,,,,,,,,,,,,,,,,,,65,,,,,,,,,,,,,,,,,,,,,,,,8.56,2.20,,,,,,,,,,,,,,,,,,,,,,,,,,,,,,,,,,,,,,,,,,Tank
Winston,Diamond,4.04,3.19,43.82,20.23,6.55,104,8177,,6.85,,,,,,,,,,,,,,,,,,,,,,,48,,,,,,,60,,,,,,,,,,,,,,,,,,,,,,,,,,,65,,,,,,,,,,,,,,,,,,,,,,,,8.74,2.20,,,,,,,,,,,,,,,,,,,,,,,,,,,,,,,,,,,,,,,,,,Tank
Winston,Master,4.02,3.97,45.55,19.78,6.26,99,8176,,6.75,,,,,,,,,,,,,,,,,,,,,,,50,,,,,,,58,,,,,,,,,,,,,,,,,,,,,,,,,,,66,,,,,,,,,,,,,,,,,,,,,,,,8.65,2.22,,,,,,,,,,,,,,,,,,,,,,,,,,,,,,,,,,,,,,,,,,Tank
Winston,Grandmaster,4.07,4.96,48.22,19.40,6.00,96,8200,,6.56,,,,,,,,,,,,,,,,,,,,,,,52,,,,,,,57,,,,,,,,,,,,,,,,,,,,,,,,,,,66,,,,,,,,,,,,,,,,,,,,,,,,8.51,2.32,,,,,,,,,,,,,,,,,,,,,,,,,,,,,,,,,,,,,,,,,,Tank
Sigma,All,5.24,2.32,50.52,19.09,8.66,133,10221,,5.02,,,,,,,,,52,,,,,,,,,,,,,,,,,,,,,73,,,,,,,,,,,,,,,,,,,,,,,,,,,,,,,,,,,,,,,,,,,,,,,,,,,,,5.73,1367.80,2.80,,,,,,,,,,,,,,,,,,,,,,,,,,,,,,,,,,,,,,,Tank
Sigma,Bronze,4.67,1.19,45.51,17.71,9.25,141,9120,,5.32,,,,,,,,,48,,,,,,,,,,,,,,,,,,,,,82,,,,,,,,,,,,,,,,,,,,,,,,,,,,,,,,,,,,,,,,,,,,,,,,,,,,,5.07,1363.17,2.51,,,,,,,,,,,,,,,,,,,,,,,,,,,,,,,,,,,,,,,Tank
Sigma,Silver,5.10,1.25,48.04,18.71,9.35,139,9628,,5.22,,,,,,,,,50,,,,,,,,,,,,,,,,,,,,,81,,,,,,,,,,,,,,,,,,,,,,,,,,,,,,,,,,,,,,,,,,,,,,,,,,,,,5.44,1429.78,2.78,,,,,,,,,,,,,,,,,,,,,,,,,,,,,,,,,,,,,,,Tank
Sigma,Gold,5.31,1.70,48.80,19.20,9.11,136,10048,,5.07,,,,,,,,,51,,,,,,,,,,,,,,,,,,,,,78,,,,,,,,,,,,,,,,,,,,,,,,,,,,,,,,,,,,,,,,,,,,,,,,,,,,,5.71,1405.97,2.86,,,,,,,,,,,,,,,,,,,,,,,,,,,,,,,,,,,,,,,Tank
Sigma,Platinum,5.33,2.84,50.10,19.42,8.70,132,10364,,5.00,,,,,,,,,52,,,,,,,,,,,,,,,,,,,,,73,,,,,,,,,,,,,,,,,,,,,,,,,,,,,,,,,,,,,,,,,,,,,,,,,,,,,5.87,1364.33,2.88,,,,,,,,,,,,,,,,,,,,,,,,,,,,,,,,,,,,,,,Tank
Sigma,Diamond,5.16,4.40,51.32,19.11,8.19,128,10468,,4.99,,,,,,,,,53,,,,,,,,,,,,,,,,,,,,,69,,,,,,,,,,,,,,,,,,,,,,,,,,,,,,,,,,,,,,,,,,,,,,,,,,,,,5.83,1308.46,2.78,,,,,,,,,,,,,,,,,,,,,,,,,,,,,,,,,,,,,,,Tank
Sigma,Master,5.07,5.50,51.70,18.60,7.67,125,10422,,5.01,,,,,,,,,53,,,,,,,,,,,,,,,,,,,,,64,,,,,,,,,,,,,,,,,,,,,,,,,,,,,,,,,,,,,,,,,,,,,,,,,,,,,5.72,1271.89,2.64,,,,,,,,,,,,,,,,,,,,,,,,,,,,,,,,,,,,,,,Tank
Sigma,Grandmaster,4.86,7.27,53.71,18.13,7.20,122,10391,,4.99,,,,,,,,,53,,,,,,,,,,,,,,,,,,,,,59,,,,,,,,,,,,,,,,,,,,,,,,,,,,,,,,,,,,,,,,,,,,,,,,,,,,,5.53,1270.27,2.53,,,,,,,,,,,,,,,,,,,,,,,,,,,,,,,,,,,,,,,Tank
Doomfist,All,3.55,1.32,50.06,18.87,6.32,93,8324,,7.60,,,,,,,,,29,,,,,,,,,,,,,,,,,,,,,60,,,,,,,,,,,,,,,,,,,,,,,,,,,,,,,,,,,,,,,,,,,,,,,,,,,,,,2845.50,,10.74,9.28,2.56,,,,,,,,,,,,,,,,,,,,,,,,,,,,,,,,,,,,Tank
Doomfist,Bronze,3.34,0.29,43.61,17.00,6.45,100,7323,,7.90,,,,,,,,,27,,,,,,,,,,,,,,,,,,,,,65,,,,,,,,,,,,,,,,,,,,,,,,,,,,,,,,,,,,,,,,,,,,,,,,,,,,,,2662.44,,9.54,8.23,2.61,,,,,,,,,,,,,,,,,,,,,,,,,,,,,,,,,,,,Tank
Doomfist,Silver,3.59,0.38,47.58,17.98,6.70,101,7738,,7.75,,,,,,,,,28,,,,,,,,,,,,,,,,,,,,,65,,,,,,,,,,,,,,,,,,,,,,,,,,,,,,,,,,,,,,,,,,,,,,,,,,,,,,2804.58,,10.27,8.90,2.73,,,,,,,,,,,,,,,,,,,,,,,,,,,,,,,,,,,,Tank
Doomfist,Gold,3.61,0.72,48.47,18.62,6.54,97,8137,,7.68,,,,,,,,,28,,,,,,,,,,,,,,,,,,,,,62,,,,,,,,,,,,,,,,,,,,,,,,,,,,,,,,,,,,,,,,,,,,,,,,,,,,,,2876.47,,10.70,9.23,2.68,,,,,,,,,,,,,,,,,,,,,,,,,,,,,,,,,,,,Tank
Doomfist,Platinum,3.57,1.64,49.39,19.10,6.37,93,8397,,7.61,,,,,,,,,29,,,,,,,,,,,,,,,,,,,,,60,,,,,,,,,,,,,,,,,,,,,,,,,,,,,,,,,,,,,,,,,,,,,,,,,,,,,,2877.60,,10.93,9.43,2.60,,,,,,,,,,,,,,,,,,,,,,,,,,,,,,,,,,,,Tank
Doomfist,Diamond,3.51,3.21,50.71,19.23,6.24,89,8520,,7.57,,,,,,,,,29,,,,,,,,,,,,,,,,,,,,,58,,,,,,,,,,,,,,,,,,,,,,,,,,,,,,,,,,,,,,,,,,,,,,,,,,,,,,2848.58,,10.90,9.45,2.53,,,,,,,,,,,,,,,,,,,,,,,,,,,,,,,,,,,,Tank
Doomfist,Master,3.43,3.97,51.07,18.98,6.01,86,8466,,7.61,,,,,,,,,29,,,,,,,,,,,,,,,,,,,,,56,,,,,,,,,,,,,,,,,,,,,,,,,,,,,,,,,,,,,,,,,,,,,,,,,,,,,,2773.51,,10.62,9.21,2.42,,,,,,,,,,,,,,,,,,,,,,,,,,,,,,,,,,,,Tank
Doomfist,Grandmaster,3.36,5.82,51.86,18.47,5.71,85,8471,,7.51,,,,,,,,,29,,,,,,,,,,,,,,,,,,,,,55,,,,,,,,,,,,,,,,,,,,,,,,,,,,,,,,,,,,,,,,,,,,,,,,,,,,,,2706.57,,10.18,8.81,2.20,,,,,,,,,,,,,,,,,,,,,,,,,,,,,,,,,,,,Tank
Brigitte,All,4.99,1.65,53.29,12.32,5.17,90,3771,8670,7.16,,,,,,,,,,,,,,,,,,,,,,,,,,,,,,,,,,,,,,,,,,,,,,,,,,,,,,,,,,,,,,,,,,,,,,,,,,,,,,,,,,,,1464.15,,,,,32,,,,,,,,,,,,,,,,,,,,,,,,,,,,,,,,,,,Support
Brigitte,Bronze,4.35,0.68,49.37,12.06,5.33,95,3514,7739,8.01,,,,,,,,,,,,,,,,,,,,,,,,,,,,,,,,,,,,,,,,,,,,,,,,,,,,,,,,,,,,,,,,,,,,,,,,,,,,,,,,,,,,1261.20,,,,,29,,,,,,,,,,,,,,,,,,,,,,,,,,,,,,,,,,,Support
Brigitte,Silver,4.72,0.64,51.33,12.99,5.61,94,3759,8207,7.82,,,,,,,,,,,,,,,,,,,,,,,,,,,,,,,,,,,,,,,,,,,,,,,,,,,,,,,,,,,,,,,,,,,,,,,,,,,,,,,,,,,,1387.43,,,,,31,,,,,,,,,,,,,,,,,,,,,,,,,,,,,,,,,,,Support
Brigitte,Gold,4.94,0.92,51.98,13.09,5.49,92,3856,8523,7.55,,,,,,,,,,,,,,,,,,,,,,,,,,,,,,,,,,,,,,,,,,,,,,,,,,,,,,,,,,,,,,,,,,,,,,,,,,,,,,,,,,,,1445.80,,,,,32,,,,,,,,,,,,,,,,,,,,,,,,,,,,,,,,,,,Support
Brigitte,Platinum,5.13,1.83,53.79,12.77,5.32,91,3846,8766,7.23,,,,,,,,,,,,,,,,,,,,,,,,,,,,,,,,,,,,,,,,,,,,,,,,,,,,,,,,,,,,,,,,,,,,,,,,,,,,,,,,,,,,1486.73,,,,,33,,,,,,,,,,,,,,,,,,,,,,,,,,,,,,,,,,,Support
Brigitte,Diamond,5.08,3.47,53.86,12.13,5.06,89,3768,8855,6.97,,,,,,,,,,,,,,,,,,,,,,,,,,,,,,,,,,,,,,,,,,,,,,,,,,,,,,,,,,,,,,,,,,,,,,,,,,,,,,,,,,,,1493.02,,,,,33,,,,,,,,,,,,,,,,,,,,,,,,,,,,,,,,,,,Support
Brigitte,Master,5.04,5.11,53.29,11.33,4.73,88,3693,8866,6.72,,,,,,,,,,,,,,,,,,,,,,,,,,,,,,,,,,,,,,,,,,,,,,,,,,,,,,,,,,,,,,,,,,,,,,,,,,,,,,,,,,,,1498.16,,,,,33,,,,,,,,,,,,,,,,,,,,,,,,,,,,,,,,,,,Support
Brigitte,Grandmaster,5.11,7.98,54.96,10.54,4.36,89,3620,8971,6.17,,,,,,,,,,,,,,,,,,,,,,,,,,,,,,,,,,,,,,,,,,,,,,,,,,,,,,,,,,,,,,,,,,,,,,,,,,,,,,,,,,,,1508.90,,,,,33,,,,,,,,,,,,,,,,,,,,,,,,,,,,,,,,,,,Support
Bastion,All,3.11,1.82,47.22,20.22,8.60,68,10669,,7.90,,,,,,,,,27,,,,,10.56,1.37,,,,,,,,,,,,,,,,,,,,,,,,,,,,,,,,,,,,,,,,,,,,,,,,,,,,,,,,,,,,,,,,,,,,,,,,,,,—,10.11,12.28,5.01,1.87,,,,,,,,,,,,,,,,,,,,,,,,,,,,,,Damage
Bastion,Bronze,2.87,1.15,42.37,19.12,8.76,71,9687,,8.32,,,,,,,,,25,,,,,9.95,1.48,,,,,,,,,,,,,,,,,,,,,,,,,,,,,,,,,,,,,,,,,,,,,,,,,,,,,,,,,,,,,,,,,,,,,,,,,,,—,9.36,11.76,4.48,1.80,,,,,,,,,,,,,,,,,,,,,,,,,,,,,,Damage
Bastion,Silver,3.01,1.14,44.76,19.84,8.85,71,10153,,8.16,,,,,,,,,26,,,,,10.32,1.46,,,,,,,,,,,,,,,,,,,,,,,,,,,,,,,,,,,,,,,,,,,,,,,,,,,,,,,,,,,,,,,,,,,,,,,,,,,—,9.77,12.16,4.76,1.87,,,,,,,,,,,,,,,,,,,,,,,,,,,,,,Damage
Bastion,Gold,3.11,1.42,46.43,20.27,8.79,70,10555,,7.97,,,,,,,,,27,,,,,10.60,1.44,,,,,,,,,,,,,,,,,,,,,,,,,,,,,,,,,,,,,,,,,,,,,,,,,,,,,,,,,,,,,,,,,,,,,,,,,,,—,10.10,12.34,4.97,1.91,,,,,,,,,,,,,,,,,,,,,,,,,,,,,,Damage
Bastion,Platinum,3.16,2.33,47.58,20.49,8.63,67,10833,,7.84,,,,,,,,,28,,,,,10.75,1.37,,,,,,,,,,,,,,,,,,,,,,,,,,,,,,,,,,,,,,,,,,,,,,,,,,,,,,,,,,,,,,,,,,,,,,,,,,,—,10.31,12.45,5.11,1.89,,,,,,,,,,,,,,,,,,,,,,,,,,,,,,Damage
Bastion,Diamond,3.11,3.33,48.15,20.26,8.34,65,10975,,7.79,,,,,,,,,28,,,,,10.59,1.30,,,,,,,,,,,,,,,,,,,,,,,,,,,,,,,,,,,,,,,,,,,,,,,,,,,,,,,,,,,,,,,,,,,,,,,,,,,—,10.24,12.29,5.12,1.86,,,,,,,,,,,,,,,,,,,,,,,,,,,,,,Damage
Bastion,Master,3.10,3.22,48.08,19.87,7.97,62,10936,,7.75,,,,,,,,,28,,,,,10.30,1.27,,,,,,,,,,,,,,,,,,,,,,,,,,,,,,,,,,,,,,,,,,,,,,,,,,,,,,,,,,,,,,,,,,,,,,,,,,,—,10.14,11.96,5.11,1.82,,,,,,,,,,,,,,,,,,,,,,,,,,,,,,Damage
Bastion,Grandmaster,2.99,3.59,49.85,19.33,7.56,60,10784,,7.76,,,,,,,,,28,,,,,10.05,1.28,,,,,,,,,,,,,,,,,,,,,,,,,,,,,,,,,,,,,,,,,,,,,,,,,,,,,,,,,,,,,,,,,,,,,,,,,,,—,9.84,11.70,4.97,1.78,,,,,,,,,,,,,,,,,,,,,,,,,,,,,,Damage
Mei,All,3.98,1.44,50.04,18.35,8.03,94,7116,,7.26,,,,,,,,,51,,,,,7.98,1.31,,,,,,,,,,,,,,,,,,,,,,,,,,,,,,,,,,1066.54,,,,,,,,,,,,,,,,,,,,,,,,,,,,,,,,,,,,,,,,,,,,,,27,15,3.73,3.89,,,,,,,,,,,,,,,,,,,,,,,,,,Damage
Mei,Bronze,3.93,0.79,45.63,17.55,8.31,103,6576,,7.45,,,,,,,,,48,,,,,7.61,1.45,,,,,,,,,,,,,,,,,,,,,,,,,,,,,,,,,,1124.85,,,,,,,,,,,,,,,,,,,,,,,,,,,,,,,,,,,,,,,,,,,,,,27,14,4.19,3.96,,,,,,,,,,,,,,,,,,,,,,,,,,Damage
Mei,Silver,4.05,0.89,47.93,18.23,8.35,100,6844,,7.36,,,,,,,,,50,,,,,7.88,1.41,,,,,,,,,,,,,,,,,,,,,,,,,,,,,,,,,,1123.12,,,,,,,,,,,,,,,,,,,,,,,,,,,,,,,,,,,,,,,,,,,,,,27,15,4.08,4.04,,,,,,,,,,,,,,,,,,,,,,,,,,Damage
Mei,Gold,4.09,1.13,49.26,18.60,8.30,97,7089,,7.28,,,,,,,,,51,,,,,8.09,1.35,,,,,,,,,,,,,,,,,,,,,,,,,,,,,,,,,,1087.15,,,,,,,,,,,,,,,,,,,,,,,,,,,,,,,,,,,,,,,,,,,,,,27,15,3.91,4.01,,,,,,,,,,,,,,,,,,,,,,,,,,Damage
Mei,Platinum,3.98,1.81,49.89,18.55,7.99,92,7242,,7.23,,,,,,,,,52,,,,,8.12,1.30,,,,,,,,,,,,,,,,,,,,,,,,,,,,,,,,,,1057.76,,,,,,,,,,,,,,,,,,,,,,,,,,,,,,,,,,,,,,,,,,,,,,27,16,3.66,3.90,,,,,,,,,,,,,,,,,,,,,,,,,,Damage
Mei,Diamond,3.88,2.76,51.29,18.27,7.68,89,7282,,7.22,,,,,,,,,53,,,,,7.95,1.24,,,,,,,,,,,,,,,,,,,,,,,,,,,,,,,,,,1031.06,,,,,,,,,,,,,,,,,,,,,,,,,,,,,,,,,,,,,,,,,,,,,,27,16,3.44,3.73,,,,,,,,,,,,,,,,,,,,,,,,,,Damage
Mei,Master,3.80,2.51,50.88,17.74,7.30,86,7215,,7.17,,,,,,,,,53,,,,,7.71,1.22,,,,,,,,,,,,,,,,,,,,,,,,,,,,,,,,,,1005.68,,,,,,,,,,,,,,,,,,,,,,,,,,,,,,,,,,,,,,,,,,,,,,27,15,3.28,3.56,,,,,,,,,,,,,,,,,,,,,,,,,,Damage
Mei,Grandmaster,3.68,2.87,52.53,17.13,6.96,85,7135,,7.07,,,,,,,,,53,,,,,7.39,1.16,,,,,,,,,,,,,,,,,,,,,,,,,,,,,,,,,,1003.14,,,,,,,,,,,,,,,,,,,,,,,,,,,,,,,,,,,,,,,,,,,,,,27,15,3.16,3.43,,,,,,,,,,,,,,,,,,,,,,,,,,Damage
Torbjorn,All,3.19,1.49,53.00,18.31,7.69,51,9782,,6.77,,,,,,,,,28,8,,,,8.67,1.58,,,,,,,,,,,,,,,,,,,,,,,,,,,,,,,,,,,,,,,,,,,,,,,,,,,,,,,,,,,,,,,,,,,,,,,,,,,,,,,,,,,,0.63,9.25,2.72,,,,,,,,,,,,,,,,,,,,,,,Damage
Torbjorn,Bronze,3.30,0.81,50.98,18.23,8.29,56,9142,,6.84,,,,,,,,,23,8,,,,8.61,1.82,,,,,,,,,,,,,,,,,,,,,,,,,,,,,,,,,,,,,,,,,,,,,,,,,,,,,,,,,,,,,,,,,,,,,,,,,,,,,,,,,,,,0.72,10.38,2.73,,,,,,,,,,,,,,,,,,,,,,,Damage
Torbjorn,Silver,3.34,0.80,52.00,18.58,8.23,53,9500,,6.78,,,,,,,,,25,8,,,,8.71,1.72,,,,,,,,,,,,,,,,,,,,,,,,,,,,,,,,,,,,,,,,,,,,,,,,,,,,,,,,,,,,,,,,,,,,,,,,,,,,,,,,,,,,0.69,10.09,2.81,,,,,,,,,,,,,,,,,,,,,,,Damage
Torbjorn,Gold,3.36,1.02,52.73,18.79,8.10,51,9786,,6.72,,,,,,,,,27,8,,,,8.89,1.69,,,,,,,,,,,,,,,,,,,,,,,,,,,,,,,,,,,,,,,,,,,,,,,,,,,,,,,,,,,,,,,,,,,,,,,,,,,,,,,,,,,,0.75,9.77,2.88,,,,,,,,,,,,,,,,,,,,,,,Damage
Torbjorn,Platinum,3.22,1.77,52.89,18.56,7.71,50,9912,,6.75,,,,,,,,,28,8,,,,8.85,1.61,,,,,,,,,,,,,,,,,,,,,,,,,,,,,,,,,,,,,,,,,,,,,,,,,,,,,,,,,,,,,,,,,,,,,,,,,,,,,,,,,,,,0.69,9.23,2.78,,,,,,,,,,,,,,,,,,,,,,,Damage
Torbjorn,Diamond,3.09,2.92,53.69,18.17,7.40,50,9925,,6.80,,,,,,,,,29,8,,,,8.65,1.50,,,,,,,,,,,,,,,,,,,,,,,,,,,,,,,,,,,,,,,,,,,,,,,,,,,,,,,,,,,,,,,,,,,,,,,,,,,,,,,,,,,,0.57,8.79,2.66,,,,,,,,,,,,,,,,,,,,,,,Damage
Torbjorn,Master,2.95,3.78,53.47,17.57,7.02,51,9807,,6.80,,,,,,,,,30,8,,,,8.29,1.42,,,,,,,,,,,,,,,,,,,,,,,,,,,,,,,,,,,,,,,,,,,,,,,,,,,,,,,,,,,,,,,,,,,,,,,,,,,,,,,,,,,,0.53,8.45,2.51,,,,,,,,,,,,,,,,,,,,,,,Damage
Torbjorn,Grandmaster,2.82,5.21,52.36,16.68,6.62,52,9689,,6.82,,,,,,,,,30,7,,,,7.80,1.31,,,,,,,,,,,,,,,,,,,,,,,,,,,,,,,,,,,,,,,,,,,,,,,,,,,,,,,,,,,,,,,,,,,,,,,,,,,,,,,,,,,,0.47,8.05,2.32,,,,,,,,,,,,,,,,,,,,,,,Damage
Sombra,All,5.09,0.95,45.65,16.93,6.16,44,5984,,5.96,,,,,,,,,36,,,,,6.86,1.66,,,,,,,,,,,,,,,,,,,,,,,,,,,,,,,,,,,,,,,,,,,,,,,,,,,,,,,,,,,,,,,,,,,,,,,,,,,,,,,,,,,,,,,29.79,2.51,3.92,,,,,,,,,,,,,,,,,,,,Damage
Sombra,Bronze,4.85,0.36,40.30,15.48,5.96,49,4977,,6.16,,,,,,,,,33,,,,,6.54,1.98,,,,,,,,,,,,,,,,,,,,,,,,,,,,,,,,,,,,,,,,,,,,,,,,,,,,,,,,,,,,,,,,,,,,,,,,,,,,,,,,,,,,,,,27.93,2.34,3.48,,,,,,,,,,,,,,,,,,,,Damage
Sombra,Silver,5.02,0.36,42.32,16.48,6.27,48,5318,,6.19,,,,,,,,,34,,,,,6.91,1.97,,,,,,,,,,,,,,,,,,,,,,,,,,,,,,,,,,,,,,,,,,,,,,,,,,,,,,,,,,,,,,,,,,,,,,,,,,,,,,,,,,,,,,,28.94,2.44,3.77,,,,,,,,,,,,,,,,,,,,Damage
Sombra,Gold,5.12,0.56,44.27,17.02,6.31,46,5677,,6.09,,,,,,,,,35,,,,,7.04,1.87,,,,,,,,,,,,,,,,,,,,,,,,,,,,,,,,,,,,,,,,,,,,,,,,,,,,,,,,,,,,,,,,,,,,,,,,,,,,,,,,,,,,,,,29.66,2.50,3.94,,,,,,,,,,,,,,,,,,,,Damage
Sombra,Platinum,5.15,1.22,45.70,17.17,6.26,44,6001,,5.97,,,,,,,,,36,,,,,7.00,1.69,,,,,,,,,,,,,,,,,,,,,,,,,,,,,,,,,,,,,,,,,,,,,,,,,,,,,,,,,,,,,,,,,,,,,,,,,,,,,,,,,,,,,,,30.02,2.50,3.99,,,,,,,,,,,,,,,,,,,,Damage
Sombra,Diamond,4.99,2.14,45.14,16.99,6.10,43,6246,,5.99,,,,,,,,,37,,,,,6.79,1.53,,,,,,,,,,,,,,,,,,,,,,,,,,,,,,,,,,,,,,,,,,,,,,,,,,,,,,,,,,,,,,,,,,,,,,,,,,,,,,,,,,,,,,,30.08,2.53,3.96,,,,,,,,,,,,,,,,,,,,Damage
Sombra,Master,5.04,2.60,46.17,16.73,5.91,42,6384,,5.83,,,,,,,,,38,,,,,6.51,1.37,,,,,,,,,,,,,,,,,,,,,,,,,,,,,,,,,,,,,,,,,,,,,,,,,,,,,,,,,,,,,,,,,,,,,,,,,,,,,,,,,,,,,,,29.72,2.58,3.90,,,,,,,,,,,,,,,,,,,,Damage
Sombra,Grandmaster,5.20,3.46,49.21,16.43,5.57,39,6494,,5.51,,,,,,,,,38,,,,,6.49,1.35,,,,,,,,,,,,,,,,,,,,,,,,,,,,,,,,,,,,,,,,,,,,,,,,,,,,,,,,,,,,,,,,,,,,,,,,,,,,,,,,,,,,,,,29.15,2.68,3.81,,,,,,,,,,,,,,,,,,,,Damage
Symmetra,All,3.62,1.27,54.09,19.99,9.02,67,8676,,7.92,,,,,,,,,,,,,,9.15,1.44,,,,,,,,35,,,,,,,,,,,,,,,,,,,,,,,,,,,,,,,,,,42,,,,,,,,,,,,,,,,,,,,,,,,,,,,,,,,,,,,,,,,,,,,,,,,1.90,18.93,10.09,,,,,,,,,,,,,,,,,Damage
Symmetra,Bronze,3.69,0.74,50.49,19.36,9.38,71,7850,,7.95,,,,,,,,,,,,,,8.65,1.65,,,,,,,,34,,,,,,,,,,,,,,,,,,,,,,,,,,,,,,,,,,36,,,,,,,,,,,,,,,,,,,,,,,,,,,,,,,,,,,,,,,,,,,,,,,,1.75,11.88,11.20,,,,,,,,,,,,,,,,,Damage
Symmetra,Silver,3.73,0.75,52.36,19.92,9.33,69,8311,,8.01,,,,,,,,,,,,,,9.05,1.58,,,,,,,,34,,,,,,,,,,,,,,,,,,,,,,,,,,,,,,,,,,39,,,,,,,,,,,,,,,,,,,,,,,,,,,,,,,,,,,,,,,,,,,,,,,,1.83,13.97,10.76,,,,,,,,,,,,,,,,,Damage
Symmetra,Gold,3.73,1.00,53.91,20.31,9.28,68,8688,,7.92,,,,,,,,,,,,,,9.34,1.53,,,,,,,,35,,,,,,,,,,,,,,,,,,,,,,,,,,,,,,,,,,41,,,,,,,,,,,,,,,,,,,,,,,,,,,,,,,,,,,,,,,,,,,,,,,,1.89,16.55,10.49,,,,,,,,,,,,,,,,,Damage
Symmetra,Platinum,3.61,1.61,54.14,20.24,9.02,66,8834,,7.93,,,,,,,,,,,,,,9.37,1.43,,,,,,,,36,,,,,,,,,,,,,,,,,,,,,,,,,,,,,,,,,,43,,,,,,,,,,,,,,,,,,,,,,,,,,,,,,,,,,,,,,,,,,,,,,,,1.92,19.48,9.99,,,,,,,,,,,,,,,,,Damage
Symmetra,Diamond,3.51,2.45,54.95,19.88,8.70,65,8892,,7.90,,,,,,,,,,,,,,9.15,1.31,,,,,,,,36,,,,,,,,,,,,,,,,,,,,,,,,,,,,,,,,,,44,,,,,,,,,,,,,,,,,,,,,,,,,,,,,,,,,,,,,,,,,,,,,,,,1.94,22.21,9.48,,,,,,,,,,,,,,,,,Damage
Symmetra,Master,3.41,2.43,55.48,19.31,8.43,65,8797,,7.91,,,,,,,,,,,,,,8.70,1.27,,,,,,,,36,,,,,,,,,,,,,,,,,,,,,,,,,,,,,,,,,,44,,,,,,,,,,,,,,,,,,,,,,,,,,,,,,,,,,,,,,,,,,,,,,,,1.95,25.20,9.16,,,,,,,,,,,,,,,,,Damage
Symmetra,Grandmaster,3.30,2.26,53.76,18.45,8.10,64,8565,,7.80,,,,,,,,,,,,,,8.17,1.29,,,,,,,,35,,,,,,,,,,,,,,,,,,,,,,,,,,,,,,,,,,44,,,,,,,,,,,,,,,,,,,,,,,,,,,,,,,,,,,,,,,,,,,,,,,,1.92,32.07,8.91,,,,,,,,,,,,,,,,,Damage
Ramattra,All,3.94,2.43,48.68,19.72,8.36,125,9834,,6.56,,,,,,,,,25,,,,,,,,,,,,,,,,,,,,,75,,,,,,,,,,,,,,,,,,,,,,,,,,,,,,,,,,,,,,,,,,,,,,,,,,,,,,,,,,,,,,,,,,,,,,,,,,,,,,64,12.80,6.34,5.20,,,,,,,,,,,,,Tank
Ramattra,Bronze,3.72,1.23,44.06,18.51,8.65,132,8745,,6.95,,,,,,,,,25,,,,,,,,,,,,,,,,,,,,,78,,,,,,,,,,,,,,,,,,,,,,,,,,,,,,,,,,,,,,,,,,,,,,,,,,,,,,,,,,,,,,,,,,,,,,,,,,,,,,56,11.30,5.62,4.65,,,,,,,,,,,,,Tank
Ramattra,Silver,3.95,1.43,46.89,19.58,8.84,131,9354,,6.72,,,,,,,,,25,,,,,,,,,,,,,,,,,,,,,78,,,,,,,,,,,,,,,,,,,,,,,,,,,,,,,,,,,,,,,,,,,,,,,,,,,,,,,,,,,,,,,,,,,,,,,,,,,,,,60,12.22,6.03,5.08,,,,,,,,,,,,,Tank
Ramattra,Gold,4.02,1.96,47.89,19.91,8.62,128,9775,,6.61,,,,,,,,,25,,,,,,,,,,,,,,,,,,,,,76,,,,,,,,,,,,,,,,,,,,,,,,,,,,,,,,,,,,,,,,,,,,,,,,,,,,,,,,,,,,,,,,,,,,,,,,,,,,,,63,12.75,6.32,5.29,,,,,,,,,,,,,Tank
Ramattra,Platinum,3.96,3.16,49.21,19.94,8.33,123,10000,,6.55,,,,,,,,,25,,,,,,,,,,,,,,,,,,,,,74,,,,,,,,,,,,,,,,,,,,,,,,,,,,,,,,,,,,,,,,,,,,,,,,,,,,,,,,,,,,,,,,,,,,,,,,,,,,,,65,13.06,6.46,5.32,,,,,,,,,,,,,Tank
Ramattra,Diamond,3.82,4.38,49.06,19.60,7.95,119,10026,,6.56,,,,,,,,,25,,,,,,,,,,,,,,,,,,,,,71,,,,,,,,,,,,,,,,,,,,,,,,,,,,,,,,,,,,,,,,,,,,,,,,,,,,,,,,,,,,,,,,,,,,,,,,,,,,,,67,13.05,6.42,5.17,,,,,,,,,,,,,Tank
Ramattra,Master,3.68,4.80,49.12,19.01,7.58,115,9892,,6.59,,,,,,,,,25,,,,,,,,,,,,,,,,,,,,,70,,,,,,,,,,,,,,,,,,,,,,,,,,,,,,,,,,,,,,,,,,,,,,,,,,,,,,,,,,,,,,,,,,,,,,,,,,,,,,67,12.69,6.35,4.90,,,,,,,,,,,,,Tank
Ramattra,Grandmaster,3.59,5.16,50.19,18.56,7.27,113,9765,,6.59,,,,,,,,,25,,,,,,,,,,,,,,,,,,,,,69,,,,,,,,,,,,,,,,,,,,,,,,,,,,,,,,,,,,,,,,,,,,,,,,,,,,,,,,,,,,,,,,,,,,,,,,,,,,,,67,12.53,6.32,4.65,,,,,,,,,,,,,Tank
Wrecking Ball,All,5.57,2.11,52.01,18.51,7.48,116,8192,,5.36,,,,,,,,,34,10,,,,,,,,,,,,,,,,,,,,81,,,,,,,,,,,,,,,,,,,,,,,,,,,,,,,,,,,,,,,,,,,,,,,,,,,,,,,,,,,,,,,,,,,,,,,,,,,,,,,,,,7.80,7.39,—,,,,,,,,,,Tank
Wrecking Ball,Bronze,5.56,0.46,48.47,17.29,8.05,130,7519,,5.65,,,,,,,,,31,10,,,,,,,,,,,,,,,,,,,,92,,,,,,,,,,,,,,,,,,,,,,,,,,,,,,,,,,,,,,,,,,,,,,,,,,,,,,,,,,,,,,,,,,,,,,,,,,,,,,,,,,6.20,6.66,—,,,,,,,,,,Tank
Wrecking Ball,Silver,5.56,0.60,49.78,18.08,8.16,130,7942,,5.55,,,,,,,,,32,11,,,,,,,,,,,,,,,,,,,,90,,,,,,,,,,,,,,,,,,,,,,,,,,,,,,,,,,,,,,,,,,,,,,,,,,,,,,,,,,,,,,,,,,,,,,,,,,,,,,,,,,6.62,6.91,—,,,,,,,,,,Tank
Wrecking Ball,Gold,5.82,1.02,50.70,18.60,7.97,124,8164,,5.40,,,,,,,,,33,11,,,,,,,,,,,,,,,,,,,,86,,,,,,,,,,,,,,,,,,,,,,,,,,,,,,,,,,,,,,,,,,,,,,,,,,,,,,,,,,,,,,,,,,,,,,,,,,,,,,,,,,7.33,7.34,—,,,,,,,,,,Tank
Wrecking Ball,Platinum,5.67,2.45,51.97,18.77,7.64,117,8289,,5.37,,,,,,,,,34,10,,,,,,,,,,,,,,,,,,,,82,,,,,,,,,,,,,,,,,,,,,,,,,,,,,,,,,,,,,,,,,,,,,,,,,,,,,,,,,,,,,,,,,,,,,,,,,,,,,,,,,,7.93,7.52,—,,,,,,,,,,Tank
Wrecking Ball,Diamond,5.49,5.00,52.23,18.67,7.29,112,8254,,5.39,,,,,,,,,34,10,,,,,,,,,,,,,,,,,,,,79,,,,,,,,,,,,,,,,,,,,,,,,,,,,,,,,,,,,,,,,,,,,,,,,,,,,,,,,,,,,,,,,,,,,,,,,,,,,,,,,,,8.20,7.52,—,,,,,,,,,,Tank
Wrecking Ball,Master,5.31,7.31,52.18,18.28,6.90,107,8144,,5.33,,,,,,,,,35,10,,,,,,,,,,,,,,,,,,,,75,,,,,,,,,,,,,,,,,,,,,,,,,,,,,,,,,,,,,,,,,,,,,,,,,,,,,,,,,,,,,,,,,,,,,,,,,,,,,,,,,,8.23,7.39,—,,,,,,,,,,Tank
Wrecking Ball,Grandmaster,5.40,12.23,54.06,18.04,6.40,101,8105,,5.12,,,,,,,,,36,9,,,,,,,,,,,,,,,,,,,,71,,,,,,,,,,,,,,,,,,,,,,,,,,,,,,,,,,,,,,,,,,,,,,,,,,,,,,,,,,,,,,,,,,,,,,,,,,,,,,,,,,8.30,7.23,—,,,,,,,,,,Tank
Junker Queen,All,4.90,1.26,49.09,20.34,8.24,119,9416,,6.51,,,,,,,,,37,,,,,,,,,,,,,,,,,,,,,76,,,,,,,,,,,,,,,,,,,,,,,,,,,,,,,,,,,,,,,,,,,,,,,,,,,,,,,,,,,,,,,,,,,,,,,,,,,,,,,,,,,,,33,7.72,20,4.00,,,,,,Tank
Junker Queen,Bronze,4.44,0.48,43.02,17.89,8.16,135,7878,,6.82,,,,,,,,,33,,,,,,,,,,,,,,,,,,,,,81,,,,,,,,,,,,,,,,,,,,,,,,,,,,,,,,,,,,,,,,,,,,,,,,,,,,,,,,,,,,,,,,,,,,,,,,,,,,,,,,,,,,,32,6.76,18,3.41,,,,,,Tank
Junker Queen,Silver,4.79,0.59,47.12,19.39,8.54,133,8605,,6.61,,,,,,,,,36,,,,,,,,,,,,,,,,,,,,,81,,,,,,,,,,,,,,,,,,,,,,,,,,,,,,,,,,,,,,,,,,,,,,,,,,,,,,,,,,,,,,,,,,,,,,,,,,,,,,,,,,,,,33,7.34,19,3.80,,,,,,Tank
Junker Queen,Gold,4.96,0.92,48.19,20.21,8.43,125,9189,,6.53,,,,,,,,,37,,,,,,,,,,,,,,,,,,,,,78,,,,,,,,,,,,,,,,,,,,,,,,,,,,,,,,,,,,,,,,,,,,,,,,,,,,,,,,,,,,,,,,,,,,,,,,,,,,,,,,,,,,,33,7.75,20,4.01,,,,,,Tank
Junker Queen,Platinum,4.93,1.67,49.05,20.67,8.28,117,9591,,6.53,,,,,,,,,38,,,,,,,,,,,,,,,,,,,,,75,,,,,,,,,,,,,,,,,,,,,,,,,,,,,,,,,,,,,,,,,,,,,,,,,,,,,,,,,,,,,,,,,,,,,,,,,,,,,,,,,,,,,34,7.89,20,4.09,,,,,,Tank
Junker Queen,Diamond,4.86,2.47,49.94,20.68,8.04,112,9740,,6.53,,,,,,,,,38,,,,,,,,,,,,,,,,,,,,,73,,,,,,,,,,,,,,,,,,,,,,,,,,,,,,,,,,,,,,,,,,,,,,,,,,,,,,,,,,,,,,,,,,,,,,,,,,,,,,,,,,,,,33,7.78,20,4.05,,,,,,Tank
Junker Queen,Master,4.73,2.96,49.63,20.23,7.73,107,9670,,6.54,,,,,,,,,38,,,,,,,,,,,,,,,,,,,,,70,,,,,,,,,,,,,,,,,,,,,,,,,,,,,,,,,,,,,,,,,,,,,,,,,,,,,,,,,,,,,,,,,,,,,,,,,,,,,,,,,,,,,33,7.48,20,3.92,,,,,,Tank
Junker Queen,Grandmaster,4.54,3.89,49.77,19.47,7.26,104,9516,,6.47,,,,,,,,,37,,,,,,,,,,,,,,,,,,,,,67,,,,,,,,,,,,,,,,,,,,,,,,,,,,,,,,,,,,,,,,,,,,,,,,,,,,,,,,,,,,,,,,,,,,,,,,,,,,,,,,,,,,,33,7.05,19,3.65,,,,,,Tank
Echo,All,2.79,0.95,47.06,19.11,6.58,60,8621,,8.03,,,,,,,,,26,,,,,10.60,1.91,,,,,,,,,,,,,,,,,,,,,,,,,,,,,,,,,,,,,,,,,,,,,,,,,,,,,,,,,,,,,,,,,,,,,,,,,,,,,,,,,,,,,,,,,,,,,,,,,,,,,,,,38.64,8.23,27,9.07,3.59,Damage
Echo,Bronze,2.51,0.42,41.46,17.17,6.99,67,7512,,8.30,,,,,,,,,24,,,,,9.06,2.01,,,,,,,,,,,,,,,,,,,,,,,,,,,,,,,,,,,,,,,,,,,,,,,,,,,,,,,,,,,,,,,,,,,,,,,,,,,,,,,,,,,,,,,,,,,,,,,,,,,,,,,,34.53,7.12,25,8.32,3.17,Damage
Echo,Silver,2.70,0.47,45.23,18.39,7.03,65,7921,,8.13,,,,,,,,,25,,,,,9.82,2.07,,,,,,,,,,,,,,,,,,,,,,,,,,,,,,,,,,,,,,,,,,,,,,,,,,,,,,,,,,,,,,,,,,,,,,,,,,,,,,,,,,,,,,,,,,,,,,,,,,,,,,,,36.32,7.80,26,8.85,3.37,Damage
Echo,Gold,2.76,0.62,45.53,18.94,6.90,63,8334,,8.12,,,,,,,,,26,,,,,10.31,2.06,,,,,,,,,,,,,,,,,,,,,,,,,,,,,,,,,,,,,,,,,,,,,,,,,,,,,,,,,,,,,,,,,,,,,,,,,,,,,,,,,,,,,,,,,,,,,,,,,,,,,,,,37.59,8.09,27,9.09,3.59,Damage
Echo,Platinum,2.82,1.13,46.78,19.29,6.65,60,8639,,8.04,,,,,,,,,26,,,,,10.70,1.99,,,,,,,,,,,,,,,,,,,,,,,,,,,,,,,,,,,,,,,,,,,,,,,,,,,,,,,,,,,,,,,,,,,,,,,,,,,,,,,,,,,,,,,,,,,,,,,,,,,,,,,,38.91,8.34,27,9.19,3.64,Damage
Echo,Diamond,2.80,1.84,47.55,19.48,6.35,57,8903,,8.05,,,,,,,,,26,,,,,10.97,1.85,,,,,,,,,,,,,,,,,,,,,,,,,,,,,,,,,,,,,,,,,,,,,,,,,,,,,,,,,,,,,,,,,,,,,,,,,,,,,,,,,,,,,,,,,,,,,,,,,,,,,,,,39.90,8.48,28,9.18,3.69,Damage
Echo,Master,2.82,2.20,48.13,19.47,6.10,54,9182,,7.95,,,,,,,,,27,,,,,11.09,1.68,,,,,,,,,,,,,,,,,,,,,,,,,,,,,,,,,,,,,,,,,,,,,,,,,,,,,,,,,,,,,,,,,,,,,,,,,,,,,,,,,,,,,,,,,,,,,,,,,,,,,,,,40.44,8.46,27,9.11,3.70,Damage
Echo,Grandmaster,2.89,3.35,50.86,19.30,5.59,50,9510,,7.65,,,,,,,,,26,,,,,11.28,1.48,,,,,,,,,,,,,,,,,,,,,,,,,,,,,,,,,,,,,,,,,,,,,,,,,,,,,,,,,,,,,,,,,,,,,,,,,,,,,,,,,,,,,,,,,,,,,,,,,,,,,,,,41.31,8.36,27,8.84,3.71,Damage
